IND,A,R,N,D,C,Q,E,G,H,I,L,K,M,F,P,S,T,W,Y,V,B,J,O,U,X,Z
ANDN920101 ,4.35,4.38,4.75,4.76,4.65,4.37,4.29,3.97,4.63,3.95,4.17,4.36,4.52,4.66,4.44,4.5,4.35,4.7,4.6,3.95,0,0,0,0,0,0
ARGP820101 ,0.61,0.6,0.06,0.46,1.07,0,0.47,0.07,0.61,2.22,1.53,1.15,1.18,2.02,1.95,0.05,0.05,2.65,1.88,1.32,0,0,0,0,0,0
ARGP820102 ,1.18,0.2,0.23,0.05,1.89,0.72,0.11,0.49,0.31,1.45,3.23,0.06,2.67,1.96,0.76,0.97,0.84,0.77,0.39,1.08,0,0,0,0,0,0
ARGP820103 ,1.56,0.45,0.27,0.14,1.23,0.51,0.23,0.62,0.29,1.67,2.93,0.15,2.96,2.03,0.76,0.81,0.91,1.08,0.68,1.14,0,0,0,0,0,0
BEGF750101 ,1,0.52,0.35,0.44,0.06,0.44,0.73,0.35,0.6,0.73,1,0.6,1,0.6,0.06,0.35,0.44,0.73,0.44,0.82,0,0,0,0,0,0
BEGF750102 ,0.77,0.72,0.55,0.65,0.65,0.72,0.55,0.65,0.83,0.98,0.83,0.55,0.98,0.98,0.55,0.55,0.83,0.77,0.83,0.98,0,0,0,0,0,0
BEGF750103 ,0.37,0.84,0.97,0.97,0.84,0.64,0.53,0.97,0.75,0.37,0.53,0.75,0.64,0.53,0.97,0.84,0.75,0.97,0.84,0.37,0,0,0,0,0,0
BHAR880101 ,357,529,463,511,346,493,497,544,323,462,365,466,295,314,509,507,444,305,0.42,386,0,0,0,0,0,0
BIGC670101 ,52.6,109.1,75.7,68.4,68.3,89.7,84.7,36.3,91.9,102,102,105.1,97.7,113.9,73.6,54.9,71.2,135.4,116.2,85.1,0,0,0,0,0,0
BIOV880101 ,16,-70,-74,-78,168,-73,-106,-13,50,151,145,-141,124,189,-20,-70,-38,145,53,123,0,0,0,0,0,0
BIOV880102 ,44,-68,-72,-91,90,-117,-139,-8,47,100,108,-188,121,148,-36,-60,-54,163,22,117,0,0,0,0,0,0
BROC820101 ,7.3,-3.6,-5.7,-2.9,-9.2,-0.3,-7.1,-1.2,-2.1,6.6,20,-3.7,5.6,19.2,5.1,-4.1,0.8,16.3,5.9,3.5,0,0,0,0,0,0
BROC820102 ,3.9,3.2,-2.8,-2.8,-14.3,1.8,-7.5,-2.3,2,11,15,-2.5,4.1,14.7,5.6,-3.5,1.1,17.8,3.8,2.1,0,0,0,0,0,0
BULH740101 ,-0.2,-0.12,0.08,-0.2,-0.45,0.16,-0.3,0,-0.12,-2.26,-2.46,-0.35,-1.47,-2.33,-0.98,-0.39,-0.52,-2.01,-2.24,-1.56,0,0,0,0,0,0
BULH740102 ,691,728,596,558,624,649,632,592,646,809,842,767,709,756,0.73,594,655,743,743,777,0,0,0,0,0,0
BUNA790101 ,8249,8274,8747,8.41,8312,8411,8368,8391,8415,8195,8423,8408,8418,8228,0,8.38,8236,8094,8183,8436,0,0,0,0,0,0
BUNA790102 ,4349,4396,4755,4765,4686,4373,4295,3972,4.63,4224,4385,4358,4513,4663,4471,4498,4346,4702,4604,4184,0,0,0,0,0,0
BUNA790103 ,6.5,6.9,7.5,7,7.7,6,7,5.6,8,7,6.5,6.5,0,9.4,0,6.5,6.9,0,6.8,7,0,0,0,0,0,0
BURA740101 ,486,262,193,288,0.2,418,538,0.12,0.4,0.37,0.42,402,417,318,208,0.2,272,462,161,379,0,0,0,0,0,0
BURA740102 ,288,362,229,271,533,327,262,312,0.2,411,0.4,265,375,318,0.34,354,388,231,429,495,0,0,0,0,0,0
CHAM810101 ,0.52,0.68,0.76,0.76,0.62,0.68,0.68,0,0.7,1.02,0.98,0.68,0.78,0.7,0.36,0.53,0.5,0.7,0.7,0.76,0,0,0,0,0,0
CHAM820101 ,46,291,134,105,128,0.18,151,0,0.23,186,186,219,221,0.29,131,62,108,409,298,0.14,0,0,0,0,0,0
CHAM820102 ,-368,-1.03,0,2.06,4.53,731,1.77,-525,0,791,1.07,0,656,1.06,-2.24,-524,0,1.6,4.91,401,0,0,0,0,0,0
CHAM830101 ,0.71,1.06,1.37,1.21,1.19,0.87,0.84,1.52,1.07,0.66,0.69,0.99,0.59,0.71,1.61,1.34,1.08,0.76,1.07,0.63,0,0,0,0,0,0
COWR900101,-118,124,289,48,83,-105,-245,104,138,0.23,-52,32,-258,15,0,225,166,158,94,513,0,0,0,0,0,0
CHAM830102 ,0,1,1,1,1,1,1,0,1,2,1,1,1,1,0,1,2,1,1,2,0,0,0,0,0,0
CHAM830104 ,0,1,1,1,0,1,1,0,1,1,2,1,1,1,0,0,0,1,1,0,0,0,0,0,0,0
CHAM830105 ,0,1,0,0,0,1,1,0,1,0,0,1,1,1,0,0,0,1.5,1,0,0,0,0,0,0,0
CHAM830106 ,0,5,2,2,1,3,3,0,3,2,2,4,3,4,0,1,1,5,5,1,0,0,0,0,0,0
CHAM830107 ,0,0,1,1,0,0,1,1,0,0,0,0,0,0,0,0,0,0,0,0,0,0,0,0,0,0
CHAM830108 ,0,1,1,0,1,1,0,0,1,0,0,1,1,1,0,0,0,1,1,0,0,0,0,0,0,0
CHOC750101 ,91.5,202,135.2,124.5,117.7,161.1,155.1,66.4,167.3,168.8,167.9,171.3,170.8,203.4,129.3,99.1,122.1,237.6,203.6,141.7,0,0,0,0,0,0
CHOC760101 ,115,225,160,150,135,180,190,75,195,175,170,200,185,210,145,115,140,255,230,155,0,0,0,0,0,0
CHOC760102 ,25,90,63,50,19,71,49,23,43,18,23,97,31,24,50,44,47,32,60,18,0,0,0,0,0,0
CHOC760103 ,0.38,0.01,0.12,0.15,0.45,0.07,0.18,0.36,0.17,0.6,0.45,0.03,0.4,0.5,0.18,0.22,0.23,0.27,0.15,0.54,0,0,0,0,0,0
CHOC760104 ,0.2,0,0.03,0.04,0.22,0.01,0.03,0.18,0.02,0.19,0.16,0,0.11,0.14,0.04,0.08,0.08,0.04,0.03,0.18,0,0,0,0,0,0
CHOP780101 ,0.66,0.95,1.56,1.46,1.19,0.98,0.74,1.56,0.95,0.47,0.59,1.01,0.6,0.6,1.52,1.43,0.96,0.96,1.14,0.5,0,0,0,0,0,0
CHOP780201 ,1.42,0.98,0.67,1.01,0.7,1.11,1.51,0.57,1,1.08,1.21,1.16,1.45,1.13,0.57,0.77,0.83,1.08,0.69,1.06,0,0,0,0,0,0
CHOP780202 ,0.83,0.93,0.89,0.54,1.19,1.1,0.37,0.75,0.87,1.6,1.3,0.74,1.05,1.38,0.55,0.75,1.19,1.37,1.47,1.7,0,0,0,0,0,0
CHOP780203 ,0.74,1.01,1.46,1.52,0.96,0.96,0.95,1.56,0.95,0.47,0.5,1.19,0.6,0.66,1.56,1.43,0.98,0.6,1.14,0.59,0,0,0,0,0,0
CHOP780204 ,1.29,0.44,0.81,2.02,0.66,1.22,2.44,0.76,0.73,0.67,0.58,0.66,0.71,0.61,2.01,0.74,1.08,1.47,0.68,0.61,0,0,0,0,0,0
CHOP780205 ,1.2,1.25,0.59,0.61,1.11,1.22,1.24,0.42,1.77,0.98,1.13,1.83,1.57,1.1,0,0.96,0.75,0.4,0.73,1.25,0,0,0,0,0,0
CHOP780206 ,0.7,0.34,1.42,0.98,0.65,0.75,1.04,1.41,1.22,0.78,0.85,1.01,0.83,0.93,1.1,1.55,1.09,0.62,0.99,0.75,0,0,0,0,0,0
CHOP780207 ,0.52,1.24,1.64,1.06,0.94,0.7,0.59,1.64,1.86,0.87,0.84,1.49,0.52,1.04,1.58,0.93,0.86,0.16,0.96,0.32,0,0,0,0,0,0
CHOP780208 ,0.86,0.9,0.66,0.38,0.87,1.65,0.35,0.63,0.54,1.94,1.3,1,1.43,1.5,0.66,0.63,1.17,1.49,1.07,1.69,0,0,0,0,0,0
CHOP780209 ,0.75,0.9,1.21,0.85,1.11,0.65,0.55,0.74,0.9,1.35,1.27,0.74,0.95,1.5,0.4,0.79,0.75,1.19,1.96,1.79,0,0,0,0,0,0
CHOP780210 ,0.67,0.89,1.86,1.39,1.34,1.09,0.92,1.46,0.78,0.59,0.46,1.09,0.52,0.3,1.58,1.41,1.09,0.48,1.23,0.42,0,0,0,0,0,0
CHOP780211 ,0.74,1.05,1.13,1.32,0.53,0.77,0.85,1.68,0.96,0.53,0.59,0.82,0.85,0.44,1.69,1.49,1.16,1.59,1.01,0.59,0,0,0,0,0,0
CHOP780212 ,0.06,0.07,161,147,149,74,56,102,0.14,43,61,55,68,59,102,0.12,86,77,82,62,0,0,0,0,0,0
CHOP780213 ,76,106,83,0.11,53,98,0.06,85,47,34,25,115,82,41,301,139,108,13,65,48,0,0,0,0,0,0
CHOP780214 ,35,99,191,179,117,37,77,0.19,93,13,36,72,14,65,34,125,65,64,114,28,0,0,0,0,0,0
CHOP780215 ,58,85,91,81,128,98,64,152,54,56,0.07,95,55,65,68,106,79,167,125,53,0,0,0,0,0,0
CHOP780216 ,0.64,1.05,1.56,1.61,0.92,0.84,0.8,1.63,0.77,0.29,0.36,1.13,0.51,0.62,2.04,1.52,0.98,0.48,1.08,0.43,0,0,0,0,0,0
CIDH920101 ,-0.45,-0.24,-0.2,-1.52,0.79,-0.99,-0.8,-1,1.07,0.76,1.29,-0.36,1.37,1.48,-0.12,-0.98,-0.7,1.38,1.49,1.26,0,0,0,0,0,0
CIDH920102 ,-0.08,-0.09,-0.7,-0.71,0.76,-0.4,-1.31,-0.84,0.43,1.39,1.24,-0.09,1.27,1.53,-0.01,-0.93,-0.59,2.25,1.53,1.09,0,0,0,0,0,0
CIDH920103 ,0.36,-0.52,-0.9,-1.09,0.7,-1.05,-0.83,-0.82,0.16,2.17,1.18,-0.56,1.21,1.01,-0.06,-0.6,-1.2,1.31,1.05,1.21,0,0,0,0,0,0
CIDH920104 ,0.17,-0.7,-0.9,-1.05,1.24,-1.2,-1.19,-0.57,-0.25,2.06,0.96,-0.62,0.6,1.29,-0.21,-0.83,-0.62,1.51,0.66,1.21,0,0,0,0,0,0
CIDH920105 ,0.02,-0.42,-0.77,-1.04,0.77,-1.1,-1.14,-0.8,0.26,1.81,1.14,-0.41,1,1.35,-0.09,-0.97,-0.77,1.71,1.11,1.13,0,0,0,0,0,0
COHE430101 ,0.75,0.7,0.61,0.6,0.61,0.67,0.66,0.64,0.67,0.9,0.9,0.82,0.75,0.77,0.76,0.68,0.7,0.74,0.71,0.86,0,0,0,0,0,0
CRAJ730101 ,1.33,0.79,0.72,0.97,0.93,1.42,1.66,0.58,1.49,0.99,1.29,1.03,1.4,1.15,0.49,0.83,0.94,1.33,0.49,0.96,0,0,0,0,0,0
CRAJ730102 ,1,0.74,0.75,0.89,0.99,0.87,0.37,0.56,0.36,1.75,1.53,1.18,1.4,1.26,0.36,0.65,1.15,0.84,1.41,1.61,0,0,0,0,0,0
CRAJ730103 ,0.6,0.79,1.42,1.24,1.29,0.92,0.64,1.38,0.95,0.67,0.7,1.1,0.67,1.05,1.47,1.26,1.05,1.23,1.35,0.48,0,0,0,0,0,0
DAWD720101 ,2.5,7.5,5,2.5,3,6,5,0.5,6,5.5,5.5,7,6,6.5,5.5,3,5,7,7,5,0,0,0,0,0,0
DAYM780101 ,8.6,4.9,4.3,5.5,2.9,3.9,6,8.4,2,4.5,7.4,6.6,1.7,3.6,5.2,7,6.1,1.3,3.4,6.6,0,0,0,0,0,0
DAYM780201 ,100,65,134,106,20,93,102,49,66,96,40,56,94,41,56,120,97,18,41,74,0,0,0,0,0,0
DESM900101 ,1.56,0.59,0.51,0.23,1.8,0.39,0.19,1.03,1,1.27,1.38,0.15,1.93,1.42,0.27,0.96,1.11,0.91,1.1,1.58,0,0,0,0,0,0
DESM900102 ,1.26,0.38,0.59,0.27,1.6,0.39,0.23,1.08,1,1.44,1.36,0.33,1.52,1.46,0.54,0.98,1.01,1.06,0.89,1.33,0,0,0,0,0,0
EISD840101 ,0.25,-1.76,-0.64,-0.72,0.04,-0.69,-0.62,0.16,-0.4,0.73,0.53,-1.1,0.26,0.61,-0.07,-0.26,-0.18,0.37,0.02,0.54,0,0,0,0,0,0
EISD860101 ,0.67,-2.1,-0.6,-1.2,0.38,-0.22,-0.76,0,0.64,1.9,1.9,-0.57,2.4,2.3,1.2,0.01,0.52,2.6,1.6,1.5,0,0,0,0,0,0
EISD860102 ,0,10,1.3,1.9,0.17,1.9,3,0,0.99,1.2,1,5.7,1.9,1.1,0.18,0.73,1.5,1.6,1.8,0.48,0,0,0,0,0,0
EISD860103 ,0,-0.96,-0.86,-0.98,0.76,-1,-0.89,0,-0.75,0.99,0.89,-0.99,0.94,0.92,0.22,-0.67,0.09,0.67,-0.93,0.84,0,0,0,0,0,0
FASG760101 ,89.09,174.2,132.12,133.1,121.15,146.15,147.13,75.07,155.16,131.17,131.17,146.19,149.21,165.19,115.13,105.09,119.12,204.24,181.19,117.15,0,0,0,0,0,0
FASG760102 ,297,238,236,270,178,185,249,290,277,284,337,224,283,284,222,228,253,282,344,293,0,0,0,0,0,0
FASG760103 ,1.8,12.5,-5.6,5.05,-16.5,6.3,12,0,-38.5,12.4,-11,14.6,-10,-34.5,-86.2,-7.5,-28,-33.7,-10,5.63,0,0,0,0,0,0
FASG760104 ,9.69,8.99,8.8,9.6,8.35,9.13,9.67,9.78,9.17,9.68,9.6,9.18,9.21,9.18,10.64,9.21,9.1,9.44,9.11,9.62,0,0,0,0,0,0
FASG760105 ,2.34,1.82,2.02,1.88,1.92,2.17,2.1,2.35,1.82,2.36,2.36,2.16,2.28,2.16,1.95,2.19,2.09,2.43,2.2,2.32,0,0,0,0,0,0
FAUJ830101 ,0.31,-1.01,-0.6,-0.77,1.54,-0.22,-0.64,0,0.13,1.8,1.7,-0.99,1.23,1.79,0.72,-0.04,0.26,2.25,0.96,1.22,0,0,0,0,0,0
FAUJ880101 ,1.28,2.34,1.6,1.6,1.77,1.56,1.56,0,2.99,4.19,2.59,1.89,2.35,2.94,2.67,1.31,3.03,3.21,2.94,3.67,0,0,0,0,0,0
FAUJ880102 ,0.53,0.69,0.58,0.59,0.66,0.71,0.72,0,0.64,0.96,0.92,0.78,0.77,0.71,0,0.55,0.63,0.84,0.71,0.89,0,0,0,0,0,0
FAUJ880103 ,1,6.13,2.95,2.78,2.43,3.95,3.78,0,4.66,4,4,4.77,4.43,5.89,2.72,1.6,2.6,8.08,6.47,3,0,0,0,0,0,0
FAUJ880104 ,2.87,7.82,4.58,4.74,4.47,6.11,5.97,2.06,5.23,4.92,4.92,6.89,6.36,4.62,4.11,3.97,4.11,7.68,4.73,4.11,0,0,0,0,0,0
FAUJ880105 ,1.52,1.52,1.52,1.52,1.52,1.52,1.52,1,1.52,1.9,1.52,1.52,1.52,1.52,1.52,1.52,1.73,1.52,1.52,1.9,0,0,0,0,0,0
FAUJ880106 ,2.04,6.24,4.37,3.78,3.41,3.53,3.31,1,5.66,3.49,4.45,4.87,4.8,6.02,4.31,2.7,3.17,5.9,6.72,3.17,0,0,0,0,0,0
FAUJ880107 ,7.3,11.1,8,9.2,14.4,10.6,11.4,0,10.2,16.1,10.1,10.9,10.4,13.9,17.8,13.1,16.7,13.2,13.9,17.2,0,0,0,0,0,0
FAUJ880108 ,-0.01,0.04,0.06,0.15,0.12,0.05,0.07,0,0.08,-0.01,-0.01,0,0.04,0.03,0,0.11,0.04,0,0.03,0.01,0,0,0,0,0,0
FAUJ880109 ,0,4,2,1,0,2,1,0,1,0,0,2,0,0,0,1,1,1,1,0,0,0,0,0,0,0
FAUJ880110 ,0,3,3,4,0,3,4,0,1,0,0,1,0,0,0,2,2,0,2,0,0,0,0,0,0,0
FAUJ880111 ,0,1,0,0,0,0,0,0,1,0,0,1,0,0,0,0,0,0,0,0,0,0,0,0,0,0
FAUJ880112 ,0,0,0,1,0,0,1,0,0,0,0,0,0,0,0,0,0,0,0,0,0,0,0,0,0,0
FAUJ880113 ,4.76,4.3,3.64,5.69,3.67,4.54,5.48,3.77,2.84,4.81,4.79,4.27,4.25,4.31,0,3.83,3.87,4.75,4.3,4.86,0,0,0,0,0,0
FINA770101 ,1.08,1.05,0.85,0.85,0.95,0.95,1.15,0.55,1,1.05,1.25,1.15,1.15,1.1,0.71,0.75,0.75,1.1,1.1,0.95,0,0,0,0,0,0
FINA910101 ,1,0.7,1.7,3.2,1,1,1.7,1,1,0.6,1,0.7,1,1,1,1.7,1.7,1,1,0.6,0,0,0,0,0,0
FINA910102 ,1,0.7,1,1.7,1,1,1.7,1.3,1,1,1,0.7,1,1,13,1,1,1,1,1,0,0,0,0,0,0
FINA910103 ,1.2,1.7,1.2,0.7,1,1,0.7,0.8,1.2,0.8,1,1.7,1,1,1,1.5,1,1,1,0.8,0,0,0,0,0,0
FINA910104 ,1,1.7,1,0.7,1,1,0.7,1.5,1,1,1,1.7,1,1,0.1,1,1,1,1,1,0,0,0,0,0,0
GARJ730101 ,0.28,0.1,0.25,0.21,0.28,0.35,0.33,0.17,0.21,0.82,1,0.09,0.74,2.18,0.39,0.12,0.21,5.7,1.26,0.6,0,0,0,0,0,0
GEIM800101 ,1.29,1,0.81,1.1,0.79,1.07,1.49,0.63,1.33,1.05,1.31,1.33,1.54,1.13,0.63,0.78,0.77,1.18,0.71,0.81,0,0,0,0,0,0
GEIM800102 ,1.13,1.09,1.06,0.94,1.32,0.93,1.2,0.83,1.09,1.05,1.13,1.08,1.23,1.01,0.82,1.01,1.17,1.32,0.88,1.13,0,0,0,0,0,0
GEIM800103 ,1.55,0.2,1.2,1.55,1.44,1.13,1.67,0.59,1.21,1.27,1.25,1.2,1.37,0.4,0.21,1.01,0.55,1.86,1.08,0.64,0,0,0,0,0,0
GEIM800104 ,1.19,1,0.94,1.07,0.95,1.32,1.64,0.6,1.03,1.12,1.18,1.27,1.49,1.02,0.68,0.81,0.85,1.18,0.77,0.74,0,0,0,0,0,0
GEIM800105 ,0.84,1.04,0.66,0.59,1.27,1.02,0.57,0.94,0.81,1.29,1.1,0.86,0.88,1.15,0.8,1.05,1.2,1.15,1.39,1.56,0,0,0,0,0,0
GEIM800106 ,0.86,1.15,0.6,0.66,0.91,1.11,0.37,0.86,1.07,1.17,1.28,1.01,1.15,1.34,0.61,0.91,1.14,1.13,1.37,1.31,0,0,0,0,0,0
GEIM800107 ,0.91,0.99,0.72,0.74,1.12,0.9,0.41,0.91,1.01,1.29,1.23,0.86,0.96,1.26,0.65,0.93,1.05,1.15,1.21,1.58,0,0,0,0,0,0
GEIM800108 ,0.91,1,1.64,1.4,0.93,0.94,0.97,1.51,0.9,0.65,0.59,0.82,0.58,0.72,1.66,1.23,1.04,0.67,0.92,0.6,0,0,0,0,0,0
GEIM800109 ,0.8,0.96,1.1,1.6,0,1.6,0.4,2,0.96,0.85,0.8,0.94,0.39,1.2,2.1,1.3,0.6,0,1.8,0.8,0,0,0,0,0,0
GEIM800110 ,1.1,0.93,1.57,1.41,1.05,0.81,1.4,1.3,0.85,0.67,0.52,0.94,0.69,0.6,1.77,1.13,0.88,0.62,0.41,0.58,0,0,0,0,0,0
GEIM800111 ,0.93,1.01,1.36,1.22,0.92,0.83,1.05,1.45,0.96,0.58,0.59,0.91,0.6,0.71,1.67,1.25,1.08,0.68,0.98,0.62,0,0,0,0,0,0
GOLD730101 ,0.75,0.75,0.69,0,1,0.59,0,0,0,2.95,2.4,1.5,1.3,2.65,2.6,0,0.45,3,2.85,1.7,0,0,0,0,0,0
GOLD730102 ,88.3,181.2,125.1,110.8,112.4,148.7,140.5,60,152.6,168.5,168.5,175.6,162.2,189,122.2,88.7,118.2,227,193,141.4,0,0,0,0,0,0
GRAR740101 ,0,0.65,1.33,1.38,2.75,0.89,0.92,0.74,0.58,0,0,0.33,0,0,0.39,1.42,0.71,0.13,0.2,0,0,0,0,0,0,0
GRAR740102 ,8.1,10.5,11.6,13,5.5,10.5,12.3,9,10.4,5.2,4.9,11.3,5.7,5.2,8,9.2,8.6,5.4,6.2,5.9,0,0,0,0,0,0
GRAR740103 ,31,124,56,54,55,85,83,3,96,111,111,119,105,132,32.5,32,61,170,136,84,0,0,0,0,0,0
GUYH850101 ,0.1,1.91,0.48,0.78,-1.42,0.95,0.83,0.33,-0.5,-1.13,-1.18,1.4,-1.59,-2.12,0.73,0.52,0.07,-0.51,-0.21,-1.27,0,0,0,0,0,0
HOPA770101 ,1,2.3,2.2,6.5,0.1,2.1,6.2,1.1,2.8,0.8,0.8,5.3,0.7,1.4,0.9,1.7,1.5,1.9,2.1,0.9,0,0,0,0,0,0
HOPT810101 ,-0.5,3,0.2,3,-1,0.2,3,0,-0.5,-1.8,-1.8,3,-1.3,-2.5,0,0.3,-0.4,-3.4,-2.3,-1.5,0,0,0,0,0,0
HUTJ700101 ,29.22,26.37,38.3,37.09,50.7,44.02,41.84,23.71,59.64,45,48.03,57.1,69.32,48.52,36.13,32.4,35.2,56.92,51.73,40.35,0,0,0,0,0,0
HUTJ700102 ,30.88,68.43,41.7,40.66,53.83,46.62,44.98,24.74,65.99,49.71,50.62,63.21,55.32,51.06,39.21,35.65,36.5,60,51.15,42.75,0,0,0,0,0,0
HUTJ700103 ,154.33,341.01,207.9,194.91,219.79,235.51,223.16,127.9,242.54,233.21,232.3,300.46,202.65,204.74,179.93,174.06,205.8,237.01,229.15,207.6,0,0,0,0,0,0
ISOY800101 ,1.53,1.17,0.6,1,0.89,1.27,1.63,0.44,1.03,1.07,1.32,1.26,1.66,1.22,0.25,0.65,0.86,1.05,0.7,0.93,0,0,0,0,0,0
ISOY800102 ,0.86,0.98,0.74,0.69,1.39,0.89,0.66,0.7,1.06,1.31,1.01,0.77,1.06,1.16,1.16,1.09,1.24,1.17,1.28,1.4,0,0,0,0,0,0
ISOY800103 ,0.78,1.06,1.56,1.5,0.6,0.78,0.97,1.73,0.83,0.4,0.57,1.01,0.3,0.67,1.55,1.19,1.09,0.74,1.14,0.44,0,0,0,0,0,0
ISOY800104 ,1.09,0.97,1.14,0.77,0.5,0.83,0.92,1.25,0.67,0.66,0.44,1.25,0.45,0.5,2.96,1.21,1.33,0.62,0.94,0.56,0,0,0,0,0,0
ISOY800105 ,0.35,0.75,2.12,2.16,0.5,0.73,0.65,2.4,1.19,0.12,0.58,0.83,0.22,0.89,0.43,1.24,0.85,0.62,1.44,0.43,0,0,0,0,0,0
ISOY800106 ,1.09,1.07,0.88,1.24,1.04,1.09,1.14,0.27,1.07,0.97,1.3,1.2,0.55,0.8,1.78,1.2,0.99,1.03,0.69,0.77,0,0,0,0,0,0
ISOY800107 ,1.34,2.78,0.92,1.77,1.44,0.79,2.54,0.95,0,0.52,1.05,0.79,0,0.43,0.37,0.87,1.14,1.79,0.73,0,0,0,0,0,0,0
ISOY800108 ,0.47,0.52,2.16,1.15,0.41,0.95,0.64,3.03,0.89,0.62,0.53,0.98,0.68,0.61,0.63,1.03,0.39,0.63,0.83,0.76,0,0,0,0,0,0
JANJ780101 ,27.8,94.7,60.1,60.6,15.5,68.7,68.2,24.5,50.7,22.8,27.6,103,33.5,25.5,51.5,42,45,34.7,55.2,23.7,0,0,0,0,0,0
JANJ780102 ,51,5,22,19,74,16,16,52,34,66,60,3,52,58,25,35,30,49,24,64,0,0,0,0,0,0
JANJ780103 ,15,67,49,50,5,56,55,10,34,13,16,85,20,10,45,32,32,17,41,14,0,0,0,0,0,0
JANJ790101 ,1.7,0.1,0.4,0.4,4.6,0.3,0.3,1.8,0.8,3.1,2.4,0.05,1.9,2.2,0.6,0.8,0.7,1.6,0.5,2.9,0,0,0,0,0,0
JANJ790102 ,0.3,-1.4,-0.5,-0.6,0.9,-0.7,-0.7,0.3,-0.1,0.7,0.5,-1.8,0.4,0.5,-0.3,-0.1,-0.2,0.3,-0.4,0.6,0,0,0,0,0,0
JOND750101 ,0.87,0.85,0.09,0.66,1.52,0,0.67,0.1,0.87,3.15,2.17,1.64,1.67,2.87,2.77,0.07,0.07,3.77,2.67,1.87,0,0,0,0,0,0
JOND750102 ,2.34,1.18,2.02,2.01,1.65,2.17,2.19,2.34,1.82,2.36,2.36,2.18,2.28,1.83,1.99,2.21,2.1,2.38,2.2,2.32,0,0,0,0,0,0
JOND920101 ,77,51,43,52,0.02,41,62,74,23,53,91,59,24,0.04,51,69,59,14,32,66,0,0,0,0,0,0
JOND920102 ,100,83,104,86,44,84,77,50,91,103,54,72,93,51,58,117,107,25,50,98,0,0,0,0,0,0
JUKT750101 ,5.3,2.6,3,3.6,1.3,2.4,3.3,4.8,1.4,3.1,4.7,4.1,1.1,2.3,2.5,4.5,3.7,0.8,2.3,4.2,0,0,0,0,0,0
JUNJ780101 ,685,382,397,400,241,313,427,707,155,394,581,575,132,303,366,593,490,99,292,553,0,0,0,0,0,0
KANM800101 ,1.36,1,0.89,1.04,0.82,1.14,1.48,0.63,1.11,1.08,1.21,1.22,1.45,1.05,0.52,0.74,0.81,0.97,0.79,0.94,0,0,0,0,0,0
KANM800102 ,0.81,0.85,0.62,0.71,1.17,0.98,0.53,0.88,0.92,1.48,1.24,0.77,1.05,1.2,0.61,0.92,1.18,1.18,1.23,1.66,0,0,0,0,0,0
KANM800103 ,1.45,1.15,0.64,0.91,0.7,1.14,1.29,0.53,1.13,1.23,1.56,1.27,1.83,1.2,0.21,0.48,0.77,1.17,0.74,1.1,0,0,0,0,0,0
KANM800104 ,0.75,0.79,0.33,0.31,1.46,0.75,0.46,0.83,0.83,1.87,1.56,0.66,0.86,1.37,0.52,0.82,1.36,0.79,1.08,2,0,0,0,0,0,0
KARP850101 ,1041,1038,1117,1033,0.96,1165,1094,1142,982,1002,967,1093,947,0.93,1055,1169,1073,925,961,982,0,0,0,0,0,0
KARP850102 ,946,1028,1006,1089,878,1025,1036,1042,952,892,961,1082,862,912,1085,1048,1051,917,0.93,927,0,0,0,0,0,0
KARP850103 ,892,901,0.93,932,925,885,933,923,894,872,921,1057,804,914,932,923,934,803,837,913,0,0,0,0,0,0
KHAG800101 ,49.1,133,-3.6,0,0,20,0,64.6,75.7,18.9,15.6,0,6.8,54.7,43.8,44.4,31,70.5,0,29.5,0,0,0,0,0,0
KLEP840101 ,0,1,0,-1,0,0,-1,0,0,0,0,1,0,0,0,0,0,0,0,0,0,0,0,0,0,0
KRIW710101 ,4.6,6.5,5.9,5.7,-1,6.1,5.6,7.6,4.5,2.6,3.25,7.9,1.4,3.2,7,5.25,4.8,4,4.35,3.4,0,0,0,0,0,0
KRIW790101 ,4.32,6.55,6.24,6.04,1.73,6.13,6.17,6.09,5.66,2.31,3.93,7.92,2.44,2.59,7.19,5.37,5.16,2.78,3.58,3.31,0,0,0,0,0,0
KRIW790102 ,0.28,0.34,0.31,0.33,0.11,0.39,0.37,0.28,0.23,0.12,0.16,0.59,0.08,0.1,0.46,0.27,0.26,0.15,0.25,0.22,0,0,0,0,0,0
KRIW790103 ,27.5,105,58.7,40,44.6,80.7,62,0,79,93.5,93.5,100,94.1,115.5,41.9,29.3,51.3,145.5,117.3,71.5,0,0,0,0,0,0
KYTJ820101 ,1.8,-4.5,-3.5,-3.5,2.5,-3.5,-3.5,-0.4,-3.2,4.5,3.8,-3.9,1.9,2.8,-1.6,-0.8,-0.7,-0.9,-1.3,4.2,0,0,0,0,0,0
LAWE840101 ,-0.48,-0.06,-0.87,-0.75,-0.32,-0.32,-0.71,0,-0.51,0.81,1.02,-0.09,0.81,1.03,2.03,0.05,-0.35,0.66,1.24,0.56,0,0,0,0,0,0
LEVM760101 ,-0.5,3,0.2,2.5,-1,0.2,2.5,0,-0.5,-1.8,-1.8,3,-1.3,-2.5,-1.4,0.3,-0.4,-3.4,-2.3,-1.5,0,0,0,0,0,0
LEVM760102 ,0.77,3.72,1.98,1.99,1.38,2.58,2.63,0,2.76,1.83,2.08,2.94,2.34,2.97,1.42,1.28,1.43,3.58,3.36,1.49,0,0,0,0,0,0
LEVM760103 ,121.9,121.4,117.5,121.2,113.7,118,118.2,0,118.2,118.9,118.1,122,113.1,118.2,81.9,117.9,117.1,118.4,110,121.7,0,0,0,0,0,0
LEVM760104 ,243.2,206.6,207.1,215,209.4,205.4,213.6,300,219.9,217.9,205.6,210.9,204,203.7,237.4,232,226.7,203.7,195.6,220.3,0,0,0,0,0,0
LEVM760105 ,0.77,2.38,1.45,1.43,1.22,1.75,1.77,0.58,1.78,1.56,1.54,2.08,1.8,1.9,1.25,1.08,1.24,2.21,2.13,1.29,0,0,0,0,0,0
LEVM760106 ,5.2,6,5,5,6.1,6,6,4.2,6,7,7,6,6.8,7.1,6.2,4.9,5,7.6,7.1,6.4,0,0,0,0,0,0
LEVM760107 ,25,0.2,0.1,0.1,0.1,0.1,0.1,25,0.1,0.19,0.19,0.2,0.19,0.39,0.17,25,0.1,0.56,0.39,0.15,0,0,0,0,0,0
LEVM780101 ,1.29,0.96,0.9,1.04,1.11,1.27,1.44,0.56,1.22,0.97,1.3,1.23,1.47,1.07,0.52,0.82,0.82,0.99,0.72,0.91,0,0,0,0,0,0
LEVM780102 ,0.9,0.99,0.76,0.72,0.74,0.8,0.75,0.92,1.08,1.45,1.02,0.77,0.97,1.32,0.64,0.95,1.21,1.14,1.25,1.49,0,0,0,0,0,0
LEVM780103 ,0.77,0.88,1.28,1.41,0.81,0.98,0.99,1.64,0.68,0.51,0.58,0.96,0.41,0.59,1.91,1.32,1.04,0.76,1.05,0.47,0,0,0,0,0,0
LEVM780104 ,1.32,0.98,0.95,1.03,0.92,1.1,1.44,0.61,1.31,0.93,1.31,1.25,1.39,1.02,0.58,0.76,0.79,0.97,0.73,0.93,0,0,0,0,0,0
LEVM780105 ,0.86,0.97,0.73,0.69,1.04,1,0.66,0.89,0.85,1.47,1.04,0.77,0.93,1.21,0.68,1.02,1.27,1.26,1.31,1.43,0,0,0,0,0,0
LEVM780106 ,0.79,0.9,1.25,1.47,0.79,0.92,1.02,1.67,0.81,0.5,0.57,0.99,0.51,0.77,1.78,1.3,0.97,0.79,0.93,0.46,0,0,0,0,0,0
LEWP710101 ,0.22,0.28,0.42,0.73,0.2,0.26,0.08,0.58,0.14,0.22,0.19,0.27,0.38,0.08,0.46,0.55,0.49,0.43,0.46,0.08,0,0,0,0,0,0
LIFS790101 ,0.92,0.93,0.6,0.48,1.16,0.95,0.61,0.61,0.93,1.81,1.3,0.7,1.19,1.25,0.4,0.82,1.12,1.54,1.53,1.81,0,0,0,0,0,0
LIFS790102 ,1,0.68,0.54,0.5,0.91,0.28,0.59,0.79,0.38,2.6,1.42,0.59,1.49,1.3,0.35,0.7,0.59,0.89,1.08,2.63,0,0,0,0,0,0
LIFS790103 ,0.9,1.02,0.62,0.47,1.24,1.18,0.62,0.56,1.12,1.54,1.26,0.74,1.09,1.23,0.42,0.87,1.3,1.75,1.68,1.53,0,0,0,0,0,0
MANP780101 ,12.97,11.72,11.42,10.85,14.63,11.76,11.89,12.43,12.16,15.67,14.9,11.36,14.39,14,11.37,11.23,11.69,13.93,13.42,15.71,0,0,0,0,0,0
MAXF760101 ,1.43,1.18,0.64,0.92,0.94,1.22,1.67,0.46,0.98,1.04,1.36,1.27,1.53,1.19,0.49,0.7,0.78,1.01,0.69,0.98,0,0,0,0,0,0
MAXF760102 ,0.86,0.94,0.74,0.72,1.17,0.89,0.62,0.97,1.06,1.24,0.98,0.79,1.08,1.16,1.22,1.04,1.18,1.07,1.25,1.33,0,0,0,0,0,0
MAXF760103 ,0.64,0.62,3.14,1.92,0.32,0.8,1.01,0.63,2.05,0.92,0.37,0.89,1.07,0.86,0.5,1.01,0.92,1,1.31,0.87,0,0,0,0,0,0
MAXF760104 ,0.17,0.76,2.62,1.08,0.95,0.91,0.28,5.02,0.57,0.26,0.21,1.17,0,0.28,0.12,0.57,0.23,0,0.97,0.24,0,0,0,0,0,0
MAXF760105 ,1.13,0.48,1.11,1.18,0.38,0.41,1.02,3.84,0.3,0.4,0.65,1.13,0,0.45,0,0.81,0.71,0.93,0.38,0.48,0,0,0,0,0,0
MAXF760106 ,1,1.18,0.87,1.39,1.09,1.13,1.04,0.46,0.71,0.68,1.01,1.05,0.36,0.65,1.95,1.56,1.23,1.1,0.87,0.58,0,0,0,0,0,0
MCMT640101 ,4.34,26.66,13.28,12,35.77,17.56,17.26,0,21.81,19.06,18.78,21.29,21.64,29.4,10.93,6.35,11.01,42.53,31.53,13.92,0,0,0,0,0,0
MEEJ800101 ,0.5,0.8,0.8,-8.2,-6.8,-4.8,-16.9,0,-3.5,13.9,8.8,0.1,4.8,13.2,6.1,1.2,2.7,14.9,6.1,2.7,0,0,0,0,0,0
MEEJ800102 ,-0.1,-4.5,-1.6,-2.8,-2.2,-2.5,-7.5,-0.5,0.8,11.8,10,-3.2,7.1,13.9,8,-3.7,1.5,18.1,8.2,3.3,0,0,0,0,0,0
MEEJ810101 ,1.1,-0.4,-4.2,-1.6,7.1,-2.9,0.7,-0.2,-0.7,8.5,11,-1.9,5.4,13.4,4.4,-3.2,-1.7,17.1,7.4,5.9,0,0,0,0,0,0
MEEJ810102 ,1,-2,-3,-0.5,4.6,-2,1.1,0.2,-2.2,7,9.6,-3,4,12.6,3.1,-2.9,-0.6,15.1,6.7,4.6,0,0,0,0,0,0
MEIH800101 ,0.93,0.98,0.98,1.01,0.88,1.02,1.02,1.01,0.89,0.79,0.85,1.05,0.84,0.78,1,1.02,0.99,0.83,0.93,0.81,0,0,0,0,0,0
MEIH800102 ,0.94,1.09,1.04,1.08,0.84,1.11,1.12,1.01,0.92,0.76,0.82,1.23,0.83,0.73,1.04,1.04,1.02,0.87,1.03,0.81,0,0,0,0,0,0
MEIH800103 ,87,81,70,71,104,66,72,90,90,105,104,65,100,108,78,83,83,94,83,94,0,0,0,0,0,0
MIYS850101 ,2.36,1.92,1.7,1.67,3.36,1.75,1.74,2.06,2.41,4.17,3.93,1.23,4.22,4.37,1.89,1.81,2.04,3.82,2.91,3.49,0,0,0,0,0,0
NAGK730101 ,1.29,0.83,0.77,1,0.94,1.1,1.54,0.72,1.29,0.94,1.23,1.23,1.23,1.23,0.7,0.78,0.87,1.06,0.63,0.97,0,0,0,0,0,0
NAGK730102 ,0.96,0.67,0.72,0.9,1.13,1.18,0.33,0.9,0.87,1.54,1.26,0.81,1.29,1.37,0.75,0.77,1.23,1.13,1.07,1.41,0,0,0,0,0,0
NAGK730103 ,0.72,1.33,1.38,1.04,1.01,0.81,0.75,1.35,0.76,0.8,0.63,0.84,0.62,0.58,1.43,1.34,1.03,0.87,1.35,0.83,0,0,0,0,0,0
NAKH900101 ,7.99,5.86,4.33,5.14,1.81,3.98,6.1,6.91,2.17,5.48,9.16,6.01,2.5,3.83,4.95,6.84,5.77,1.34,3.15,6.65,0,0,0,0,0,0
NAKH900102 ,3.73,3.34,2.33,2.23,2.3,2.36,3,3.36,1.55,2.52,3.4,3.36,1.37,1.94,3.18,2.83,2.63,1.15,1.76,2.53,0,0,0,0,0,0
NAKH900103 ,5.74,1.92,5.25,2.11,1.03,2.3,2.63,5.66,2.3,9.12,15.36,3.2,5.3,6.51,4.79,7.55,7.51,2.51,4.08,5.12,0,0,0,0,0,0
NAKH900104 ,-0.6,-1.18,0.39,-1.36,-0.34,-0.71,-1.16,-0.37,0.08,1.44,1.82,-0.84,2.04,1.38,-0.05,0.25,0.66,1.02,0.53,-0.6,0,0,0,0,0,0
NAKH900105 ,5.88,1.54,4.38,1.7,1.11,2.3,2.6,5.29,2.33,8.78,16.52,2.58,6,6.58,5.29,7.68,8.38,2.89,3.51,4.66,0,0,0,0,0,0
NAKH900106 ,-0.57,-1.29,0.02,-1.54,-0.3,-0.71,-1.17,-0.48,0.1,1.31,2.16,-1.02,2.55,1.42,0.11,0.3,0.99,1.35,0.2,-0.79,0,0,0,0,0,0
NAKH900107 ,5.39,2.81,7.31,3.07,0.86,2.31,2.7,6.52,2.23,9.94,12.64,4.67,3.68,6.34,3.62,7.24,5.44,1.64,5.42,6.18,0,0,0,0,0,0
NAKH900108 ,-0.7,-0.91,1.28,-0.93,-0.41,-0.71,-1.13,-0.12,0.04,1.77,1.02,-0.4,0.86,1.29,-0.42,0.14,-0.13,0.26,1.29,-0.19,0,0,0,0,0,0
NAKH900109 ,9.25,3.96,3.71,3.89,1.07,3.17,4.8,8.51,1.88,6.47,10.94,3.5,3.14,6.36,4.36,6.26,5.66,2.22,3.28,7.55,0,0,0,0,0,0
NAKH900110 ,0.34,-0.57,-0.27,-0.56,-0.32,-0.34,-0.43,0.48,-0.19,0.39,0.52,-0.75,0.47,1.3,-0.19,-0.2,-0.04,0.77,0.07,0.36,0,0,0,0,0,0
NAKH900111 ,10.17,1.21,1.36,1.18,1.48,1.57,1.15,8.87,1.07,10.91,16.22,1.04,4.12,9.6,2.24,5.38,5.61,2.67,2.68,11.44,0,0,0,0,0,0
NAKH900112 ,6.61,0.41,1.84,0.59,0.83,1.2,1.63,4.88,1.14,12.91,21.66,1.15,7.17,7.76,3.51,6.84,8.89,2.11,2.57,6.3,0,0,0,0,0,0
NAKH900113 ,1.61,0.4,0.73,0.75,0.37,0.61,1.5,3.12,0.46,1.61,1.37,0.62,1.59,1.24,0.67,0.68,0.92,1.63,0.67,1.3,0,0,0,0,0,0
NAKH920101 ,8.63,6.75,4.18,6.24,1.03,4.76,7.82,6.8,2.7,3.48,8.44,6.25,2.14,2.73,6.28,8.53,4.43,0.8,2.54,5.44,0,0,0,0,0,0
NAKH920102 ,10.88,6.01,5.75,6.13,0.69,4.68,9.34,7.72,2.15,1.8,8.03,6.11,3.79,2.93,7.21,7.25,3.51,0.47,1.01,4.57,0,0,0,0,0,0
NAKH920103 ,5.15,4.38,4.81,5.75,3.24,4.45,7.05,6.38,2.69,4.4,8.11,5.25,1.6,3.52,5.65,8.04,7.41,1.68,3.42,7,0,0,0,0,0,0
NAKH920104 ,5.04,3.73,5.94,5.26,2.2,4.5,6.07,7.09,2.99,4.32,9.88,6.31,1.85,3.72,6.22,8.05,5.2,2.1,3.32,6.19,0,0,0,0,0,0
NAKH920105 ,9.9,0.09,0.94,0.35,2.55,0.87,0.08,8.14,0.2,15.25,22.28,0.16,1.85,6.47,2.38,4.17,4.33,2.21,3.42,14.34,0,0,0,0,0,0
NAKH920106 ,6.69,6.65,4.49,4.97,1.7,5.39,7.76,6.32,2.11,4.51,8.23,8.36,2.46,3.59,5.2,7.4,5.18,1.06,2.75,5.27,0,0,0,0,0,0
NAKH920107 ,5.08,4.75,5.75,5.96,2.95,4.24,6.04,8.2,2.1,4.95,8.03,4.93,2.61,4.36,4.84,6.41,5.87,2.31,4.55,6.07,0,0,0,0,0,0
NAKH920108 ,9.36,0.27,2.31,0.94,2.56,1.14,0.94,6.17,0.47,13.73,16.64,0.58,3.93,10.99,1.96,5.58,4.68,2.2,3.13,12.43,0,0,0,0,0,0
NISK800101 ,0.23,-0.26,-0.94,-1.13,1.78,-0.57,-0.75,-0.07,0.11,1.19,1.03,-1.05,0.66,0.48,-0.76,-0.67,-0.36,0.9,0.59,1.24,0,0,0,0,0,0
NISK860101 ,-0.22,-0.93,-2.65,-4.12,4.66,-2.76,-3.64,-1.62,1.28,5.58,5.01,-4.18,3.51,5.27,-3.03,-2.84,-1.2,5.2,2.15,4.45,0,0,0,0,0,0
NOZY710101 ,0.5,0,0,0,0,0,0,0,0.5,1.8,1.8,0,1.3,2.5,0,0,0.4,3.4,2.3,1.5,0,0,0,0,0,0
OOBM770101 ,-1895,-1475,-1.56,-1518,-2035,-1521,-1535,-1898,-1755,-1951,-1966,-1374,-1963,-1864,-1699,-1753,-1767,-1869,-1686,-1981,0,0,0,0,0,0
OOBM770102 ,-1404,-921,-1178,-1162,-1365,-1116,-1163,-1364,-1215,-1189,-1315,-1074,-1303,-1135,-1236,-1297,-1252,-1.03,-1.03,-1254,0,0,0,0,0,0
OOBM770103 ,-491,-554,-382,-356,-0.67,-405,-371,-534,-0.54,-762,-0.65,-0.3,-659,-729,-463,-455,-515,-839,-656,-728,0,0,0,0,0,0
OOBM770104 ,-9475,-16225,-12.48,-12144,-12.21,-13689,-13815,-7592,-17.55,-15608,-15728,-12366,-15704,-20504,-11893,-10518,-12369,-26166,-20232,-13867,0,0,0,0,0,0
OOBM770105 ,-7.02,-10131,-9424,-9296,-8.19,-10044,-10467,-5456,-12.15,-9512,-10.52,-9666,-10424,-12485,-8652,-7782,-8764,-14.42,-12.36,-8778,0,0,0,0,0,0
OOBM850101 ,2.01,0.84,0.03,-2.05,1.98,1.02,0.93,0.12,-0.14,3.7,2.73,2.55,1.75,2.68,0.41,1.47,2.39,2.49,2.23,3.5,0,0,0,0,0,0
OOBM850102 ,1.34,0.95,2.49,3.32,1.07,1.49,2.2,2.07,1.27,0.66,0.54,0.61,0.7,0.8,2.12,0.94,1.09,-4.65,-0.17,1.32,0,0,0,0,0,0
OOBM850103 ,0.46,-1.54,1.31,-0.33,0.2,-1.12,0.48,0.64,-1.31,3.28,0.43,-1.71,0.15,0.52,-0.58,-0.83,-1.52,1.25,-2.21,0.54,0,0,0,0,0,0
OOBM850104 ,-2.49,2.55,2.27,8.86,-3.13,1.79,4.04,-0.56,4.22,-10.87,-7.16,-9.97,-4.96,-6.64,5.19,-1.6,-4.75,-17.84,9.25,-3.97,0,0,0,0,0,0
OOBM850105 ,4.55,5.97,5.56,2.85,-0.78,4.15,5.16,9.14,4.48,2.1,3.24,10.68,2.18,4.37,5.14,6.78,8.6,1.97,2.4,3.81,0,0,0,0,0,0
PALJ810101 ,1.3,0.93,0.9,1.02,0.92,1.04,1.43,0.63,1.33,0.87,1.3,1.23,1.32,1.09,0.63,0.78,0.8,1.03,0.71,0.95,0,0,0,0,0,0
PALJ810102 ,1.32,1.04,0.74,0.97,0.7,1.25,1.48,0.59,1.06,1.01,1.22,1.13,1.47,1.1,0.57,0.77,0.86,1.02,0.72,1.05,0,0,0,0,0,0
PALJ810103 ,0.81,1.03,0.81,0.71,1.12,1.03,0.59,0.94,0.85,1.47,1.03,0.77,0.96,1.13,0.75,1.02,1.19,1.24,1.35,1.44,0,0,0,0,0,0
PALJ810104 ,0.9,0.75,0.82,0.75,1.12,0.95,0.44,0.83,0.86,1.59,1.24,0.75,0.94,1.41,0.46,0.7,1.2,1.28,1.45,1.73,0,0,0,0,0,0
PALJ810105 ,0.84,0.91,1.48,1.28,0.69,1,0.78,1.76,0.53,0.55,0.49,0.95,0.52,0.88,1.47,1.29,1.05,0.88,1.28,0.51,0,0,0,0,0,0
PALJ810106 ,0.65,0.93,1.45,1.47,1.43,0.94,0.75,1.53,0.96,0.57,0.56,0.95,0.71,0.72,1.51,1.46,0.96,0.9,1.12,0.55,0,0,0,0,0,0
PALJ810107 ,1.08,0.93,1.05,0.86,1.22,0.95,1.09,0.85,1.02,0.98,1.04,1.01,1.11,0.96,0.91,0.95,1.15,1.17,0.8,1.03,0,0,0,0,0,0
PALJ810108 ,1.34,0.91,0.83,1.06,1.27,1.13,1.69,0.47,1.11,0.84,1.39,1.08,0.9,1.02,0.48,1.05,0.74,0.64,0.73,1.18,0,0,0,0,0,0
PALJ810109 ,1.15,1.06,0.87,1,1.03,1.43,1.37,0.64,0.95,0.99,1.22,1.2,1.45,0.92,0.72,0.84,0.97,1.11,0.72,0.82,0,0,0,0,0,0
PALJ810110 ,0.89,1.06,0.67,0.71,1.04,1.06,0.72,0.87,1.04,1.14,1.02,1,1.41,1.32,0.69,0.86,1.15,1.06,1.35,1.66,0,0,0,0,0,0
PALJ810111 ,0.82,0.99,1.27,0.98,0.71,1.01,0.54,0.94,1.26,1.67,0.94,0.73,1.3,1.56,0.69,0.65,0.98,1.25,1.26,1.22,0,0,0,0,0,0
PALJ810112 ,0.98,1.03,0.66,0.74,1.01,0.63,0.59,0.9,1.17,1.38,1.05,0.83,0.82,1.23,0.73,0.98,1.2,1.26,1.23,1.62,0,0,0,0,0,0
PALJ810113 ,0.69,0,1.52,2.42,0,1.44,0.63,2.64,0.22,0.43,0,1.18,0.88,2.2,1.34,1.43,0.28,0,1.53,0.14,0,0,0,0,0,0
PALJ810114 ,0.87,1.3,1.36,1.24,0.83,1.06,0.91,1.69,0.91,0.27,0.67,0.66,0,0.47,1.54,1.08,1.12,1.24,0.54,0.69,0,0,0,0,0,0
PALJ810115 ,0.91,0.77,1.32,0.9,0.5,1.06,0.53,1.61,1.08,0.36,0.77,1.27,0.76,0.37,1.62,1.34,0.87,1.1,1.24,0.52,0,0,0,0,0,0
PALJ810116 ,0.92,0.9,1.57,1.22,0.62,0.66,0.92,1.61,0.39,0.79,0.5,0.86,0.5,0.96,1.3,1.4,1.11,0.57,1.78,0.5,0,0,0,0,0,0
PARJ860101 ,2.1,4.2,7,10,1.4,6,7.8,5.7,2.1,-8,-9.2,5.7,-4.2,-9.2,2.1,6.5,5.2,-10,-1.9,-3.7,0,0,0,0,0,0
PLIV810101 ,-2.89,-3.3,-3.41,-3.38,-2.49,-3.15,-2.94,-3.25,-2.84,-1.72,-1.61,-3.31,-1.84,-1.63,-2.5,-3.3,-2.91,-1.75,-2.42,-2.08,0,0,0,0,0,0
PONP800101 ,12.28,11.49,11,10.97,14.93,11.28,11.19,12.01,12.84,14.77,14.1,10.8,14.33,13.43,11.19,11.26,11.65,12.95,13.29,15.07,0,0,0,0,0,0
PONP800102 ,7.62,6.81,6.17,6.18,10.93,6.67,6.38,7.31,7.85,9.99,9.37,5.72,9.83,8.99,6.64,6.93,7.08,8.41,8.53,10.38,0,0,0,0,0,0
PONP800103 ,2.63,2.45,2.27,2.29,3.36,2.45,2.31,2.55,2.57,3.08,2.98,2.12,3.18,3.02,2.46,2.6,2.55,2.85,2.79,3.21,0,0,0,0,0,0
PONP800104 ,13.65,11.28,12.24,10.98,14.49,11.3,12.55,15.36,11.59,14.63,14.01,11.96,13.4,14.08,11.51,11.26,13,12.06,12.64,12.88,0,0,0,0,0,0
PONP800105 ,14.6,13.24,11.79,13.78,15.9,12.02,13.59,14.18,15.35,14.1,16.49,13.28,16.23,14.18,14.1,13.36,14.5,13.9,14.76,16.3,0,0,0,0,0,0
PONP800106 ,10.67,11.05,10.85,10.21,14.15,11.71,11.71,10.95,12.07,12.95,13.07,9.93,15,13.27,10.62,11.18,10.53,11.41,11.52,13.86,0,0,0,0,0,0
PONP800107 ,3.7,2.53,2.12,2.6,3.03,2.7,3.3,3.13,3.57,7.69,5.88,1.79,5.21,6.6,2.12,2.43,2.6,6.25,3.03,7.14,0,0,0,0,0,0
PONP800108 ,6.05,5.7,5.04,4.95,7.86,5.45,5.1,6.16,5.8,7.51,7.37,4.88,6.39,6.62,5.65,5.53,5.81,6.98,6.73,7.62,0,0,0,0,0,0
PRAM820101 ,305,227,322,335,339,306,282,352,215,278,262,391,0.28,195,346,326,251,291,293,291,0,0,0,0,0,0
PRAM820102 ,175,83,0.09,0.14,74,93,135,201,125,0.1,104,58,54,104,136,155,152,92,81,96,0,0,0,0,0,0
PRAM820103 ,687,0.59,489,632,263,527,669,0.67,594,564,541,407,328,577,0.6,692,713,632,495,529,0,0,0,0,0,0
PRAM900101 ,-6.7,51.5,20.1,38.5,-8.4,17.2,34.3,-4.2,12.6,-13,-11.7,36.8,-14.2,-15.5,0.8,-2.5,-5,-7.9,2.9,-10.9,0,0,0,0,0,0
PRAM900102 ,1.29,0.96,0.9,1.04,1.11,1.27,1.44,0.56,1.22,0.97,1.3,1.23,1.47,1.07,0.52,0.82,0.82,0.99,0.72,0.91,0,0,0,0,0,0
PRAM900103 ,0.9,0.99,0.76,0.72,0.74,0.8,0.75,0.92,1.08,1.45,1.02,0.77,0.97,1.32,0.64,0.95,1.21,1.14,1.25,1.49,0,0,0,0,0,0
PRAM900104 ,0.78,0.88,1.28,1.41,0.8,0.97,1,1.64,0.69,0.51,0.59,0.96,0.39,0.58,1.91,1.33,1.03,0.75,1.05,0.47,0,0,0,0,0,0
PTIO830101 ,1.1,0.95,0.8,0.65,0.95,1,1,0.6,0.85,1.1,1.25,1,1.15,1.1,0.1,0.75,0.75,1.1,1.1,0.95,0,0,0,0,0,0
PTIO830102 ,1,0.7,0.6,0.5,1.9,1,0.7,0.3,0.8,4,2,0.7,1.9,3.1,0.2,0.9,1.7,2.2,2.8,4,0,0,0,0,0,0
QIAN880101 ,0.12,0.04,-0.1,0.01,-0.25,-0.03,-0.02,-0.02,-0.06,-0.07,0.05,0.26,0,0.05,-0.19,-0.19,-0.04,-0.06,-0.14,-0.03,0,0,0,0,0,0
QIAN880102 ,0.26,-0.14,-0.03,0.15,-0.15,-0.13,0.21,-0.37,0.1,-0.03,-0.02,0.12,0,0.12,-0.08,0.01,-0.34,-0.01,-0.29,0.02,0,0,0,0,0,0
QIAN880103 ,0.64,-0.1,0.09,0.33,0.03,-0.23,0.51,-0.09,-0.23,-0.22,0.41,-0.17,0.13,-0.03,-0.43,-0.1,-0.07,-0.02,-0.38,-0.01,0,0,0,0,0,0
QIAN880104 ,0.29,-0.03,-0.04,0.11,-0.05,0.26,0.28,-0.67,-0.26,0,0.47,-0.19,0.27,0.24,-0.34,-0.17,-0.2,0.25,-0.3,-0.01,0,0,0,0,0,0
QIAN880105 ,0.68,-0.22,-0.09,-0.02,-0.15,-0.15,0.44,-0.73,-0.14,-0.08,0.61,0.03,0.39,0.06,-0.76,-0.26,-0.1,0.2,-0.04,0.12,0,0,0,0,0,0
QIAN880106 ,0.34,0.22,-0.33,0.06,-0.18,0.01,0.2,-0.88,-0.09,-0.03,0.2,-0.11,0.43,0.15,-0.81,-0.35,-0.37,0.07,-0.31,0.13,0,0,0,0,0,0
QIAN880107 ,0.57,0.23,-0.36,-0.46,-0.15,0.15,0.26,-0.71,-0.05,0,0.48,0.16,0.41,0.03,-1.12,-0.47,-0.54,-0.1,-0.35,0.31,0,0,0,0,0,0
QIAN880108 ,0.33,0.1,-0.19,-0.44,-0.03,0.19,0.21,-0.46,0.27,-0.33,0.57,0.23,0.79,0.48,-1.86,-0.23,-0.33,0.15,-0.19,0.24,0,0,0,0,0,0
QIAN880109 ,0.13,0.08,-0.07,-0.71,-0.09,0.12,0.13,-0.39,0.32,0,0.5,0.37,0.63,0.15,-1.4,-0.28,-0.21,0.02,-0.1,0.17,0,0,0,0,0,0
QIAN880110 ,0.31,0.18,-0.1,-0.81,-0.26,0.41,-0.06,-0.42,0.51,-0.15,0.56,0.47,0.58,0.1,-1.33,-0.49,-0.44,0.14,-0.08,-0.01,0,0,0,0,0,0
QIAN880111 ,0.21,0.07,-0.04,-0.58,-0.12,0.13,-0.23,-0.15,0.37,0.31,0.7,0.28,0.61,-0.06,-1.03,-0.28,-0.25,0.21,0.16,0,0,0,0,0,0,0
QIAN880112 ,0.18,0.21,-0.03,-0.32,-0.29,-0.27,-0.25,-0.4,0.28,-0.03,0.62,0.41,0.21,0.05,-0.84,-0.05,-0.16,0.32,0.11,0.06,0,0,0,0,0,0
QIAN880113 ,-0.08,0.05,-0.08,-0.24,-0.25,-0.28,-0.19,-0.1,0.29,-0.01,0.28,0.45,0.11,0,-0.42,0.07,-0.33,0.36,0,-0.13,0,0,0,0,0,0
QIAN880114 ,-0.18,-0.13,0.28,0.05,-0.26,0.21,-0.06,0.23,0.24,-0.42,-0.23,0.03,-0.42,-0.18,-0.13,0.41,0.33,-0.1,-0.1,-0.07,0,0,0,0,0,0
QIAN880115 ,-0.01,0.02,0.41,-0.09,-0.27,0.01,0.09,0.13,0.22,-0.27,-0.25,0.08,-0.57,-0.12,0.26,0.44,0.35,-0.15,0.15,-0.09,0,0,0,0,0,0
QIAN880116 ,-0.19,0.03,0.02,-0.06,-0.29,0.02,-0.1,0.19,-0.16,-0.08,-0.42,-0.09,-0.38,-0.32,0.05,0.25,0.22,-0.19,0.05,-0.15,0,0,0,0,0,0
QIAN880117 ,-0.14,0.14,-0.27,-0.1,-0.64,-0.11,-0.39,0.46,-0.04,0.16,-0.57,0.04,0.24,0.08,0.02,-0.12,0,-0.1,0.18,0.29,0,0,0,0,0,0
QIAN880118 ,-0.31,0.25,-0.53,-0.54,-0.06,0.07,-0.52,0.37,-0.32,0.57,0.09,-0.29,0.29,0.24,-0.31,0.11,0.03,0.15,0.29,0.48,0,0,0,0,0,0
QIAN880119 ,-0.1,0.19,-0.89,-0.89,0.13,-0.04,-0.34,-0.45,-0.34,0.95,0.32,-0.46,0.43,0.36,-0.91,-0.12,0.49,0.34,0.42,0.76,0,0,0,0,0,0
QIAN880120 ,-0.25,-0.02,-0.77,-1.01,0.13,-0.12,-0.62,-0.72,-0.16,1.1,0.23,-0.59,0.32,0.48,-1.24,-0.31,0.17,0.45,0.77,0.69,0,0,0,0,0,0
QIAN880121 ,-0.26,-0.09,-0.34,-0.55,0.47,-0.33,-0.75,-0.56,-0.04,0.94,0.25,-0.55,-0.05,0.2,-1.28,-0.28,0.08,0.22,0.53,0.67,0,0,0,0,0,0
QIAN880122 ,0.05,-0.11,-0.4,-0.11,0.36,-0.67,-0.35,0.14,0.02,0.47,0.32,-0.51,-0.1,0.2,-0.79,0.03,-0.15,0.09,0.34,0.58,0,0,0,0,0,0
QIAN880123,-0.44,-0.13,0.05,-0.2,0.13,-0.58,-0.28,0.08,0.09,-0.04,-0.12,-0.33,-0.21,-0.13,-0.48,0.27,0.47,-0.22,-0.11,0.06,0,0,0,0,0,0
QIAN880124 ,-0.31,-0.1,0.06,0.13,-0.11,-0.47,-0.05,0.45,-0.06,-0.25,-0.44,-0.44,-0.28,-0.04,-0.29,0.34,0.27,-0.08,0.06,0.11,0,0,0,0,0,0
QIAN880125 ,-0.02,0.04,0.03,0.11,-0.02,-0.17,0.1,0.38,-0.09,-0.48,-0.26,-0.39,-0.14,-0.03,-0.04,0.41,0.36,-0.01,-0.08,-0.18,0,0,0,0,0,0
QIAN880126 ,-0.06,0.02,0.1,0.24,-0.19,-0.04,-0.04,0.17,0.19,-0.2,-0.46,-0.43,-0.52,-0.33,0.37,0.43,0.5,-0.32,0.35,0,0,0,0,0,0,0
QIAN880127 ,-0.05,0.06,0,0.15,0.3,-0.08,-0.02,-0.14,-0.07,0.26,0.04,-0.42,0.25,0.09,0.31,-0.11,-0.06,0.19,0.33,0.04,0,0,0,0,0,0
QIAN880128 ,-0.19,0.17,-0.38,0.09,0.41,0.04,-0.2,0.28,-0.19,-0.06,0.34,-0.2,0.45,0.07,0.04,-0.23,-0.02,0.16,0.22,0.05,0,0,0,0,0,0
QIAN880129 ,-0.43,0.06,0,-0.31,0.19,0.14,-0.41,-0.21,0.21,0.29,-0.1,0.33,-0.01,0.25,0.28,-0.23,-0.26,0.15,0.09,-0.1,0,0,0,0,0,0
QIAN880130 ,-0.19,-0.07,0.17,-0.27,0.42,-0.29,-0.22,0.17,0.17,-0.34,-0.22,0,-0.53,-0.31,0.14,0.22,0.1,-0.15,-0.02,-0.33,0,0,0,0,0,0
QIAN880131 ,-0.25,0.12,0.61,0.6,0.18,0.09,-0.12,0.09,0.42,-0.54,-0.55,0.14,-0.47,-0.29,0.89,0.24,0.16,-0.44,-0.19,-0.45,0,0,0,0,0,0
QIAN880132 ,-0.27,-0.4,0.71,0.54,0,-0.08,-0.12,1.14,0.18,-0.74,-0.54,0.45,-0.76,-0.47,1.4,0.4,-0.1,-0.46,-0.05,-0.86,0,0,0,0,0,0
QIAN880133 ,-0.42,-0.23,0.81,0.95,-0.18,-0.01,-0.09,1.24,0.05,-1.17,-0.69,0.09,-0.86,-0.39,1.77,0.63,0.29,-0.37,-0.41,-1.32,0,0,0,0,0,0
QIAN880134 ,-0.24,-0.04,0.45,0.65,-0.38,0.01,0.07,0.85,-0.21,-0.65,-0.8,0.17,-0.71,-0.61,2.27,0.33,0.13,-0.44,-0.49,-0.99,0,0,0,0,0,0
QIAN880135 ,-0.14,0.21,0.35,0.66,-0.09,0.11,0.06,0.36,-0.31,-0.51,-0.8,-0.14,-0.56,-0.25,1.59,0.32,0.21,-0.17,-0.35,-0.7,0,0,0,0,0,0
QIAN880136 ,0.01,-0.13,-0.11,0.78,-0.31,-0.13,0.09,0.14,-0.56,-0.09,-0.81,-0.43,-0.49,-0.2,1.14,0.13,-0.02,-0.2,0.1,-0.11,0,0,0,0,0,0
QIAN880137 ,-0.3,-0.09,-0.12,0.44,0.03,0.24,0.18,-0.12,-0.2,-0.07,-0.18,0.06,-0.44,0.11,0.77,-0.09,-0.27,-0.09,-0.25,-0.06,0,0,0,0,0,0
QIAN880138 ,-0.23,-0.2,0.06,0.34,0.19,0.47,0.28,0.14,-0.22,0.42,-0.36,-0.15,-0.19,-0.02,0.78,-0.29,-0.3,-0.18,0.07,0.29,0,0,0,0,0,0
QIAN880139 ,0.08,-0.01,-0.06,0.04,0.37,0.48,0.36,-0.02,-0.45,0.09,0.24,-0.27,0.16,0.34,0.16,-0.35,-0.04,-0.06,-0.2,0.18,0,0,0,0,0,0
RACS770101 ,934,962,986,994,0.9,1047,986,1015,882,766,825,1.04,804,773,1047,1056,1008,848,931,825,0,0,0,0,0,0
RACS770102 ,941,1112,1038,1071,866,1.15,1.1,1055,911,742,798,1232,781,723,1093,1082,1043,867,1.05,817,0,0,0,0,0,0
RACS770103 ,1.16,1.72,1.97,2.66,0.5,3.87,2.4,1.63,0.86,0.57,0.51,3.9,0.4,0.43,2.04,1.61,1.48,0.75,1.72,0.59,0,0,0,0,0,0
RACS820101 ,0.85,2.02,0.88,1.5,0.9,1.71,1.79,1.54,1.59,0.67,1.03,0.88,1.17,0.85,1.47,1.5,1.96,0.83,1.34,0.89,0,0,0,0,0,0
RACS820102 ,1.58,1.14,0.77,0.98,1.04,1.24,1.49,0.66,0.99,1.09,1.21,1.27,1.41,1,1.46,1.05,0.87,1.23,0.68,0.88,0,0,0,0,0,0
RACS820103 ,0.82,2.6,2.07,2.64,0,0,2.62,1.63,0,2.32,0,2.86,0,0,0,1.23,2.48,0,1.9,1.62,0,0,0,0,0,0
RACS820104 ,0.78,1.75,1.32,1.25,3.14,0.93,0.94,1.13,1.03,1.26,0.91,0.85,0.41,1.07,1.73,1.31,1.57,0.98,1.31,1.11,0,0,0,0,0,0
RACS820105 ,0.88,0.99,1.02,1.16,1.14,0.93,1.01,0.7,1.87,1.61,1.09,0.83,1.71,1.52,0.87,1.14,0.96,1.96,1.68,1.56,0,0,0,0,0,0
RACS820106 ,0.3,0.9,2.73,1.26,0.72,0.97,1.33,3.09,1.33,0.45,0.96,0.71,1.89,1.2,0.83,1.16,0.97,1.58,0.86,0.64,0,0,0,0,0,0
RACS820107 ,0.4,1.2,1.24,1.59,2.98,0.5,1.26,1.89,2.71,1.31,0.57,0.87,0,1.27,0.38,0.92,1.38,1.53,1.79,0.95,0,0,0,0,0,0
RACS820108 ,1.48,1.02,0.99,1.19,0.86,1.42,1.43,0.46,1.27,1.12,1.33,1.36,1.41,1.3,0.25,0.89,0.81,1.27,0.91,0.93,0,0,0,0,0,0
RACS820109 ,0,0,4.14,2.15,0,0,0,6.49,0,0,0,0,0,2.11,1.99,0,1.24,0,1.9,0,0,0,0,0,0,0
RACS820110 ,1.02,1,1.31,1.76,1.05,1.05,0.83,2.39,0.4,0.83,1.06,0.94,1.33,0.41,2.73,1.18,0.77,1.22,1.09,0.88,0,0,0,0,0,0
RACS820111 ,0.93,1.52,0.92,0.6,1.08,0.94,0.73,0.78,1.08,1.74,1.03,1,1.31,1.51,1.37,0.97,1.38,1.12,1.65,1.7,0,0,0,0,0,0
RACS820112 ,0.99,1.19,1.15,1.18,2.32,1.52,1.36,1.4,1.06,0.81,1.26,0.91,1,1.25,0,1.5,1.18,1.33,1.09,1.01,0,0,0,0,0,0
RACS820113 ,17.05,21.25,34.81,19.27,28.84,15.42,20.12,38.14,23.07,16.66,10.89,16.46,20.61,16.26,23.94,19.95,18.92,23.36,26.49,17.06,0,0,0,0,0,0
RACS820114 ,14.53,17.82,13.59,19.78,30.57,22.18,18.19,37.16,22.63,20.28,14.3,14.07,20.61,19.61,52.63,18.56,21.09,19.78,26.36,21.87,0,0,0,0,0,0
RADA880101 ,1.81,-14.92,-6.64,-8.72,1.28,-5.54,-6.81,0.94,-4.66,4.92,4.92,-5.55,2.35,2.98,0,-3.4,-2.57,2.33,-0.14,4.04,0,0,0,0,0,0
RADA880102 ,0.52,-1.32,-0.01,0,0,-0.07,-0.79,0,0.95,2.04,1.76,0.08,1.32,2.09,0,0.04,0.27,2.51,1.63,1.18,0,0,0,0,0,0
RADA880103 ,0.13,-5,-3.04,-2.23,-2.52,-3.84,-3.43,1.45,-5.61,-2.77,-2.64,-3.97,-3.83,-3.74,0,-1.66,-2.31,-8.21,-5.97,-2.05,0,0,0,0,0,0
RADA880104 ,1.29,-13.6,-6.63,0,0,-5.47,-6.02,0.94,-5.61,2.88,3.16,-5.63,1.03,0.89,0,-3.44,-2.84,-0.18,-1.77,2.86,0,0,0,0,0,0
RADA880105 ,1.42,-18.6,-9.67,0,0,-9.31,-9.45,2.39,-11.22,0.11,0.52,-9.6,-2.8,-2.85,0,-5.1,-5.15,-8.39,-7.74,0.81,0,0,0,0,0,0
RADA880106 ,93.7,250.4,146.3,142.6,135.2,177.7,182.9,52.6,188.1,182.2,173.7,215.2,197.6,228.6,0,109.5,142.1,271.6,239.9,157.2,0,0,0,0,0,0
RADA880107 ,-0.29,-2.71,-1.18,-1.02,0,-1.53,-0.9,-0.34,-0.94,0.24,-0.12,-2.05,-0.24,0,0,-0.75,-0.71,-0.59,-1.02,0.09,0,0,0,0,0,0
RADA880108 ,-0.06,-0.84,-0.48,-0.8,1.36,-0.73,-0.77,-0.41,0.49,1.31,1.21,-1.18,1.27,1.27,0,-0.5,-0.27,0.88,0.33,1.09,0,0,0,0,0,0
RICJ880101 ,0.7,0.4,1.2,1.4,0.6,1,1,1.6,1.2,0.9,0.9,1,0.3,1.2,0.7,1.6,0.3,1.1,1.9,0.7,0,0,0,0,0,0
RICJ880102 ,6.5,-0.9,-5.1,0.5,-1.3,1,7.8,-8.6,1.2,0.6,3.2,2.3,5.3,1.6,-7.7,-3.9,-2.6,1.2,-4.5,1.4,0,0,0,0,0,0
RICJ880103 ,2.3,-5.2,0.3,7.4,0.8,-0.7,10.3,-5.2,-2.8,-4,-2.1,-4.1,-3.5,-1.1,8.1,-3.5,2.3,-0.9,-3.7,-4.4,0,0,0,0,0,0
RICJ880104 ,6.7,0.3,-6.1,-3.1,-4.9,0.6,2.2,-6.8,-1,3.2,5.5,0.5,7.2,2.8,-22.8,-3,-4,4,-4.6,2.5,0,0,0,0,0,0
RICJ880105 ,2.3,1.4,-3.3,-4.4,6.1,2.7,2.5,-8.3,5.9,-0.5,0.1,7.3,3.5,1.6,-24.4,-1.9,-3.7,-0.9,-0.6,2.3,0,0,0,0,0,0
RICJ880106 ,-2.3,0.4,-4.1,-4.4,4.4,1.2,-5,-4.2,-2.5,6.7,2.3,-3.3,2.3,2.6,-1.8,-1.7,1.3,-1,4,6.8,0,0,0,0,0,0
RICJ880107 ,-2.7,0.4,-4.2,-4.4,3.7,0.8,-8.1,-3.9,-3,7.7,3.7,-2.9,3.7,3,-6.6,-2.4,1.7,0.3,3.3,7.1,0,0,0,0,0,0
RICJ880108 ,0,1.1,-2,-2.6,5.4,2.4,3.1,-3.4,0.8,-0.1,-3.7,-3.1,-2.1,0.7,7.4,1.3,0,-3.4,4.8,2.7,0,0,0,0,0,0
RICJ880109 ,-5,2.1,4.2,3.1,4.4,0.4,-4.7,5.7,-0.3,-4.6,-5.6,1,-4.8,-1.8,2.6,2.6,0.3,3.4,2.9,-6,0,0,0,0,0,0
RICJ880110 ,-3.3,0,5.4,3.9,-0.3,-0.4,-1.8,-1.2,3,-0.5,-2.3,-1.2,-4.3,0.8,6.5,1.8,-0.7,-0.8,3.1,-3.5,0,0,0,0,0,0
RICJ880111 ,-4.7,2,3.9,1.9,6.2,-2,-4.2,5.7,-2.6,-7,-6.2,2.8,-4.8,-3.7,3.6,2.1,0.6,3.3,3.8,-6.2,0,0,0,0,0,0
RICJ880112 ,-3.7,1,-0.6,-0.6,4,3.4,-4.3,5.9,-0.8,-0.5,-2.8,1.3,-1.6,1.6,-6,1.5,1.2,6.5,1.3,-4.6,0,0,0,0,0,0
RICJ880113 ,-2.5,-1.2,4.6,0,-4.7,-0.5,-4.4,4.9,1.6,-3.3,-2,-0.8,-4.1,-4.1,5.8,2.5,1.7,1.2,-0.6,-3.5,0,0,0,0,0,0
RICJ880114 ,-5.1,2.6,4.7,3.1,3.8,0.2,-5.2,5.6,-0.9,-4.5,-5.4,1,-5.3,-2.4,3.5,3.2,0,2.9,3.2,-6.3,0,0,0,0,0,0
RICJ880115 ,-1,0.3,-0.7,-1.2,2.1,-0.1,-0.7,0.3,1.1,4,2,-0.9,1.8,2.8,0.4,-1.2,-0.5,3,2.1,1.4,0,0,0,0,0,0
RICJ880116 ,86.6,162.2,103.3,97.8,132.3,119.2,113.9,62.9,155.8,158,164.1,115.5,172.9,194.1,92.9,85.6,106.5,224.6,177.7,141,0,0,0,0,0,0
RICJ880117 ,0.74,0.64,0.63,0.62,0.91,0.62,0.62,0.72,0.78,0.88,0.85,0.52,0.85,0.88,0.64,0.66,0.7,0.85,0.76,0.86,0,0,0,0,0,0
ROBB760101 ,-0.67,12.1,7.23,8.72,-0.34,6.39,7.35,0,3.82,-3.02,-3.02,6.13,-1.3,-3.24,-1.75,4.35,3.86,-2.86,0.98,-2.18,0,0,0,0,0,0
ROBB760102 ,-0.67,3.89,2.27,1.57,-2,2.12,1.78,0,1.09,-3.02,-3.02,2.46,-1.67,-3.24,-1.75,0.1,-0.42,-2.86,0.98,-2.18,0,0,0,0,0,0
ROBB760103 ,0.4,0.3,0.9,0.8,0.5,0.7,1.3,0,1,0.4,0.6,0.4,0.3,0.7,0.9,0.4,0.4,0.6,1.2,0.4,0,0,0,0,0,0
ROBB760104 ,0.73,0.73,-0.01,0.54,0.7,-0.1,0.55,0,1.1,2.97,2.49,1.5,1.3,2.65,2.6,0.04,0.44,3,2.97,1.69,0,0,0,0,0,0
ROBB760105 ,239,211,249,171,0.22,0.26,187,0.16,205,273,281,228,253,234,165,236,213,183,193,255,0,0,0,0,0,0
ROBB760106 ,0.33,-176,-233,-371,74,-254,-409,0.37,-78,149,129,-75,-92,-11,0.37,22,136,-11,-138,245,0,0,0,0,0,0
ROBB760107 ,-0.11,79,-136,-285,-184,-67,-246,-73,0.32,1,-8,49,-41,438,-16,-153,-208,493,381,-155,0,0,0,0,0,0
ROBB760108 ,-62,-167,166,-79,0.38,-25,-184,-17,56,-309,-264,-371,77,74,-36,0.47,348,0.05,0.22,-212,0,0,0,0,0,0
ROBB760109 ,1071,1033,784,0.68,922,977,0.97,591,0.85,1.14,1.14,939,1.2,1086,659,0.76,817,1107,1.02,0.95,0,0,0,0,0,0
ROBB760110 ,8,0.1,0.1,70,26,33,6,0.1,0.1,55,33,1,54,18,42,0.1,0.1,77,66,0.1,0,0,0,0,0,0
ROBB760111 ,-0.4,-0.59,-0.92,-1.31,0.17,-0.91,-1.22,-0.67,-0.64,1.25,1.22,-0.67,1.02,1.92,-0.49,-0.55,-0.28,0.5,1.67,0.91,0,0,0,0,0,0
ROBB760112 ,1.42,1.06,0.71,1.01,0.73,1.02,1.63,0.5,1.2,1.12,1.29,1.24,1.21,1.16,0.65,0.71,0.78,1.05,0.67,0.99,0,0,0,0,0,0
ROBB760113 ,946,1128,432,1311,481,1615,698,0.36,2168,1283,1192,1203,0,963,2093,523,1961,1925,802,409,0,0,0,0,0,0
ROBB790101 ,0.79,1087,832,0.53,1268,1038,643,725,864,1361,1111,735,1092,1052,1249,1093,1214,1114,1.34,1428,0,0,0,0,0,0
ROSG850101 ,1194,795,659,1056,678,1.29,928,1015,611,603,595,1.06,831,377,3159,1444,1172,452,816,0.64,0,0,0,0,0,0
ROSG850102 ,497,677,2072,1498,1348,711,651,1848,1474,471,656,932,425,1348,179,1151,749,1283,1283,654,0,0,0,0,0,0
ROSM880101 ,937,1725,1.08,1.64,1004,1078,679,901,1085,178,808,1254,886,803,748,1145,1487,803,1227,625,0,0,0,0,0,0
ROSM880102 ,289,1.38,3169,917,1767,2372,285,4259,1061,262,0,1288,0,393,0,0.16,218,0,654,167,0,0,0,0,0,0
ROSM880103 ,328,2088,1498,3379,0,0,0,0.5,1204,2078,414,835,982,1336,415,1089,1732,1781,0,946,0,0,0,0,0,0
SIMZ760101 ,945,364,1202,1315,932,704,1014,2355,525,673,758,947,1028,622,579,1.14,863,777,907,561,0,0,0,0,0,0
SNEP660101 ,842,936,1352,1366,1032,998,758,1349,1079,459,665,1045,668,881,1385,1257,1055,881,1101,643,0,0,0,0,0,0
SNEP660102 ,135,296,196,289,159,236,184,51,223,173,215,0.17,239,87,151,0.01,0.1,166,66,285,0,0,0,0,0,0
SNEP660103 ,507,459,287,223,592,383,445,0.39,0.31,111,619,559,431,77,739,689,785,0.16,0.06,356,0,0,0,0,0,0
SNEP660104 ,159,194,385,283,187,236,206,49,233,581,83,159,198,682,366,0.15,74,463,737,301,0,0,0,0,0,0
SUEM840101 ,0.03731,0.09593,0.00359,0.1263,0.08292,0.07606,0.0058,0.00499,0.02415,0,0,0.0371,0.08226,0.0946,0.01979,0.08292,0.09408,0.05481,0.05159,0.00569,0,0,0,0,0,0
SUEM840102 ,0,0,0,0,0,0,0,0,0,1,1,0,0,1,0,0,0,1,1,1,0,0,0,0,0,0
SWER830101 ,-12.04,39.23,4.25,23.22,3.95,2.16,16.81,-7.85,6.28,-18.32,-17.79,9.71,-8.86,-21.98,5.82,-1.54,-4.15,-16.19,-1.51,-16.22,0,0,0,0,0,0
TANS770101 ,10.04,6.18,5.63,5.76,8.89,5.41,5.37,7.99,7.49,8.72,8.79,4.4,9.15,7.98,7.79,7.08,7,8.07,6.9,8.88,0,0,0,0,0,0
TANS770102 ,0.89,0.88,0.89,0.87,0.85,0.82,0.84,0.92,0.83,0.76,0.73,0.97,0.74,0.52,0.82,0.96,0.92,0.2,0.49,0.85,0,0,0,0,0,0
TANS770103 ,0.52,0.49,0.42,0.37,0.83,0.35,0.38,0.41,0.7,0.79,0.77,0.31,0.76,0.87,0.35,0.49,0.38,0.86,0.64,0.72,0,0,0,0,0,0
TANS770104 ,0.16,-0.2,1.03,-0.24,-0.12,-0.55,-0.45,-0.16,-0.18,-0.19,-0.44,-0.12,-0.79,-0.25,-0.59,-0.01,0.05,-0.33,-0.42,-0.46,0,0,0,0,0,0
TANS770105 ,0.15,-0.37,0.69,-0.22,-0.19,-0.06,0.14,0.36,-0.25,0.02,0.06,-0.16,0.11,1.18,0.11,0.13,0.28,-0.12,0.19,-0.08,0,0,0,0,0,0
TANS770106 ,-0.07,-0.4,-0.57,-0.8,0.17,-0.26,-0.63,0.27,-0.49,0.06,-0.17,-0.45,0.03,0.4,-0.47,-0.11,0.09,-0.61,-0.61,-0.11,0,0,0,0,0,0
TANS770107 ,7,9.1,10,13,5.5,8.6,12.5,7.9,8.4,4.9,4.9,10.1,5.3,5,6.6,7.5,6.6,5.3,5.7,5.6,0,0,0,0,0,0
TANS770108 ,1.94,-19.92,-9.68,-10.95,-1.24,-9.38,-10.2,2.39,-10.27,2.15,2.28,-9.52,-1.48,-0.76,-3.68,-5.06,-4.88,-5.88,-6.11,1.99,0,0,0,0,0,0
TANS770109 ,0.07,2.88,3.22,3.64,0.71,2.18,3.08,2.23,2.41,-4.44,-4.19,2.84,-2.49,-4.92,-1.22,1.96,0.92,-4.75,-1.39,-2.69,0,0,0,0,0,0
TANS770110 ,-1.73,2.52,1.45,1.13,-0.97,0.53,0.39,-5.36,1.74,-1.68,-1.03,1.41,-0.27,1.3,0.88,-1.63,-2.09,3.65,2.32,-2.53,0,0,0,0,0,0
VASM830101 ,0.09,-3.44,0.84,2.36,4.13,-1.14,-0.07,0.3,1.11,-1.03,-0.98,-3.14,-0.41,0.45,2.23,0.57,-1.4,0.85,0.01,-1.29,0,0,0,0,0,0
VASM830102 ,8.5,0,8.2,8.5,11,6.3,8.8,7.1,10.1,16.8,15,7.9,13.3,11.2,8.2,7.4,8.8,9.9,8.8,12,0,0,0,0,0,0
VASM830103 ,6.8,0,6.2,7,8.3,8.5,4.9,6.4,9.2,10,12.2,7.5,8.4,8.3,6.9,8,7,5.7,6.8,9.4,0,0,0,0,0,0
VELV850101 ,18.08,0,17.47,17.36,18.17,17.93,18.16,18.24,18.49,18.62,18.6,17.96,18.11,17.3,18.16,17.57,17.54,17.19,17.99,18.3,0,0,0,0,0,0
VENT840101 ,18.56,0,18.24,17.94,17.84,18.51,17.97,18.57,18.64,19.21,19.01,18.36,18.49,17.95,18.77,18.06,17.71,16.87,18.23,18.98,0,0,0,0,0,0
VHEG790101 ,-152,-89,-203,-355,0,-181,-411,-0.19,0,-86,-102,-62,-107,1,-181,-203,-0.17,275,0,-125,0,0,0,0,0,0
WARP780101 ,0.83,0.83,0.09,0.64,1.48,0,0.65,0.1,1.1,3.07,2.52,1.6,1.4,2.75,2.7,0.14,0.54,0.31,2.97,1.79,0,0,0,0,0,0
WEBA780101 ,11.5,14.28,12.82,11.68,13.46,14.45,13.57,3.4,13.69,21.4,21.4,15.71,16.25,19.8,17.43,9.47,15.77,21.67,18.03,21.57,0,0,0,0,0,0
WERD780101 ,0,52,3.38,49.7,1.48,3.53,49.9,0,51.6,0.13,0.13,49.5,1.43,0.35,1.58,1.67,1.66,2.1,1.61,0.13,0,0,0,0,0,0
WERD780102 ,6,10.76,5.41,2.77,5.05,5.65,3.22,5.97,7.59,6.02,5.98,9.74,5.74,5.48,6.3,5.68,5.66,5.89,5.66,5.96,0,0,0,0,0,0
WERD780103 ,9.9,4.6,5.4,2.8,2.8,9,3.2,5.6,8.2,17.1,17.6,3.5,14.9,18.8,14.8,6.9,9.5,17.1,15,14.3,0,0,0,0,0,0
WERD780104 ,0.94,1.15,0.79,1.19,0.6,0.94,1.41,1.18,1.15,1.07,0.95,1.03,0.88,1.06,1.18,0.69,0.87,0.91,1.04,0.9,0,0,0,0,0,0
WOEC730101 ,0.98,1.14,1.05,1.05,0.41,0.9,1.04,1.25,1.01,0.88,0.8,1.06,1.12,1.12,1.31,1.02,0.8,0.9,1.12,0.87,0,0,0,0,0,0
WOLR810101 ,0.75,0.9,1.24,1.72,0.66,1.08,1.1,1.14,0.96,0.8,1.01,0.66,1.02,0.88,1.33,1.2,1.13,0.68,0.8,0.58,0,0,0,0,0,0
WOLS870101 ,0.67,0.76,1.28,1.58,0.37,1.05,0.94,0.98,0.83,0.78,0.79,0.84,0.98,0.96,1.12,1.25,1.41,0.94,0.82,0.67,0,0,0,0,0,0
WOLS870102 ,1.1,1.05,0.72,1.14,0.26,1.31,2.3,0.55,0.83,1.06,0.84,1.08,0.9,0.9,1.67,0.81,0.77,1.26,0.99,0.76,0,0,0,0,0,0
WOLS870103 ,1.39,0.95,0.67,1.64,0.52,1.6,2.07,0.65,1.36,0.64,0.91,0.8,1.1,1,0.94,0.69,0.92,1.1,0.73,0.7,0,0,0,0,0,0
YUTK870101 ,1.43,1.33,0.55,0.9,0.52,1.43,1.7,0.56,0.66,1.18,1.52,0.82,1.68,1.1,0.15,0.61,0.75,1.68,0.65,1.14,0,0,0,0,0,0
YUTK870102 ,1.55,1.39,0.6,0.61,0.59,1.43,1.34,0.37,0.89,1.47,1.36,1.27,2.13,1.39,0.03,0.44,0.65,1.1,0.93,1.18,0,0,0,0,0,0
YUTK870103 ,1.8,1.73,0.73,0.9,0.55,0.97,1.73,0.32,0.46,1.09,1.47,1.24,1.64,0.96,0.15,0.67,0.7,0.68,0.91,0.81,0,0,0,0,0,0
YUTK870104 ,1.52,1.49,0.58,1.04,0.26,1.41,1.76,0.3,0.83,1.25,1.26,1.1,1.14,1.14,0.44,0.66,0.73,0.68,1.04,1.03,0,0,0,0,0,0
ZASB820101 ,1.49,1.41,0.67,0.94,0.37,1.52,1.55,0.29,0.96,1.04,1.4,1.17,1.84,0.86,0.2,0.68,0.79,1.52,1.06,0.94,0,0,0,0,0,0
ZIMJ680101 ,1.73,1.24,0.7,0.68,0.63,0.88,1.16,0.32,0.76,1.15,1.8,1.22,2.21,1.35,0.07,0.65,0.46,1.57,1.1,0.94,0,0,0,0,0,0
ZIMJ680102 ,1.33,1.39,0.64,0.6,0.44,1.37,1.43,0.2,1.02,1.58,1.63,1.71,1.76,1.22,0.07,0.42,0.57,1,1.02,1.08,0,0,0,0,0,0
ZIMJ680103 ,1.87,1.66,0.7,0.91,0.33,1.24,1.88,0.33,0.89,0.9,1.65,1.63,1.35,0.67,0.03,0.71,0.5,1,0.73,0.51,0,0,0,0,0,0
ZIMJ680104 ,1.19,1.45,1.33,0.72,0.44,1.43,1.27,0.74,1.55,0.61,1.36,1.45,1.35,1.2,0.1,1.02,0.82,0.58,1.06,0.46,0,0,0,0,0,0
ZIMJ680105 ,0.77,1.11,1.39,0.79,0.44,0.95,0.92,2.74,1.65,0.64,0.66,1.19,0.74,1.04,0.66,0.64,0.82,0.58,0.93,0.53,0,0,0,0,0,0
AURR980101 ,0.93,0.96,0.82,1.15,0.67,1.02,1.07,1.08,1.4,1.14,1.16,1.27,1.11,1.05,1.01,0.71,0.84,1.06,1.15,0.74,0,0,0,0,0,0
AURR980102 ,0.71,1.09,0.95,1.43,0.65,0.87,1.19,1.07,1.13,1.05,0.84,1.1,0.8,0.95,1.7,0.65,86,1.25,0.85,1.12,0,0,0,0,0,0
AURR980103 ,13.4,13.3,12,11.7,11.6,12.8,12.2,11.3,11.6,12,13,13,12.8,12.1,6.5,12.2,11.7,12.4,12.1,11.9,0,0,0,0,0,0
AURR980104 ,-0.77,-0.68,-0.07,-0.15,-0.23,-0.33,-0.27,0,-0.06,-0.23,-0.62,-0.65,-0.5,-0.41,3,-0.35,-0.11,-0.45,-0.17,-0.14,0,0,0,0,0,0
AURR980105 ,984,1008,1048,1068,906,1037,1094,1031,0.95,927,935,1102,952,915,1049,1046,997,904,929,931,0,0,0,0,0,0
AURR980106 ,1315,1.31,1.38,1372,1196,1342,1376,1382,1279,1241,1234,1367,1269,1247,1342,1381,1324,1186,1199,1235,0,0,0,0,0,0
AURR980107 ,994,1026,1022,1022,939,1041,1052,1018,967,977,982,1029,963,934,1.05,1025,998,938,981,968,0,0,0,0,0,0
AURR980108 ,783,807,799,822,785,817,826,784,777,776,783,834,806,774,809,811,795,796,788,781,0,0,0,0,0,0
AURR980109 ,423,503,906,0.87,877,594,167,1162,802,566,494,615,444,706,1945,928,884,0.69,778,706,0,0,0,0,0,0
AURR980110 ,619,753,1089,932,1107,0.77,675,1361,1034,876,0.74,784,736,968,1.78,969,1053,0.91,1009,939,0,0,0,0,0,0
AURR980111 ,1.08,976,1197,1266,733,1.05,1085,1104,906,583,789,1026,812,685,1412,987,784,755,665,546,0,0,0,0,0,0
AURR980112 ,978,784,915,1038,573,863,962,1405,724,502,766,841,729,585,2613,784,569,671,0.56,444,0,0,0,0,0,0
AURR980113 ,1.4,1.23,1.61,1.89,1.14,1.33,1.42,2.06,1.25,1.02,1.33,1.34,1.12,1.07,3.9,1.2,0.99,1.1,0.98,0.87,0,0,0,0,0,0
AURR980114 ,4.08,3.91,3.83,3.02,4.49,3.67,2.23,4.24,4.08,4.52,4.81,3.77,4.48,5.38,3.8,4.12,4.11,6.1,5.19,4.18,0,0,0,0,0,0
AURR980115 ,-0.35,-0.44,-0.38,-0.41,-0.47,-0.4,-0.41,0,-0.46,-0.56,-0.48,-0.41,-0.46,-0.55,-0.23,-0.39,-0.48,-0.48,-0.5,-0.53,0,0,0,0,0,0
AURR980116 ,0.5,1.7,1.7,1.6,0.6,1.6,1.6,1.3,1.6,0.6,0.4,1.6,0.5,0.4,1.7,0.7,0.4,0.7,0.6,0.5,0,0,0,0,0,0
AURR980117 ,0.96,0.77,0.39,0.42,0.42,0.8,0.53,0,0.57,0.84,0.92,0.73,0.86,0.59,-2.5,0.53,0.54,0.58,0.72,0.63,0,0,0,0,0,0
AURR980118 ,343,353,409,429,319,395,405,389,307,296,287,429,293,292,432,416,362,268,0.22,307,0,0,0,0,0,0
AURR980119 ,0.32,327,384,424,198,436,514,374,299,306,0.34,446,313,314,354,376,339,291,287,294,0,0,0,0,0,0
AURR980120 ,8.9,4.6,4.4,6.3,0.6,2.8,6.9,9.4,2.2,7,7.4,6.1,2.3,3.3,4.2,4,5.7,1.3,4.5,8.2,0,0,0,0,0,0
ONEK900101 ,9.2,3.6,5.1,6,1,2.9,6,9.4,2.1,6,7.7,6.5,2.4,3.4,4.2,5.5,5.7,1.2,3.7,8.2,0,0,0,0,0,0
ONEK900102 ,14.1,5.5,3.2,5.7,0.1,3.7,8.8,4.1,2,7.1,9.1,7.7,3.3,5,0.7,3.9,4.4,1.2,4.5,5.9,0,0,0,0,0,0
VINM940101 ,13.4,3.9,3.7,4.6,0.8,4.8,7.8,4.6,3.3,6.5,10.6,7.5,3,4.5,1.3,3.8,4.6,1,3.3,7.1,0,0,0,0,0,0
VINM940102 ,9.8,7.3,3.6,4.9,3,2.4,4.4,0,11.9,17.2,17,10.5,11.9,23,15,2.6,6.9,24.2,17.2,15.3,0,0,0,0,0,0
VINM940103 ,0.7,0.95,1.47,0.87,1.17,0.73,0.96,0.64,1.39,1.29,1.44,0.91,0.91,1.34,0.12,0.84,0.74,1.8,1.68,1.2,0,0,0,0,0,0
VINM940104 ,58,-184,-93,-97,116,-139,-131,-11,-73,107,95,-24,78,92,-79,-34,-7,59,-11,100,0,0,0,0,0,0
MUNV940101 ,51,-144,-84,-78,137,-128,-115,-13,-55,106,103,-205,73,108,-79,-26,-3,69,11,108,0,0,0,0,0,0
MUNV940102 ,41,-109,-74,-47,169,-104,-90,-18,-35,104,103,-148,77,128,-81,-31,10,102,36,116,0,0,0,0,0,0
MUNV940103 ,32,-95,-73,-29,182,-95,-74,-22,-25,106,104,-124,82,132,-82,-34,20,118,44,113,0,0,0,0,0,0
MUNV940104 ,24,-79,-76,0,194,-87,-57,-28,-31,102,103,-9,90,131,-85,-36,34,116,43,111,0,0,0,0,0,0
MUNV940105 ,5,-57,-77,45,224,-67,-8,-47,-50,83,82,-38,83,117,-103,-41,79,130,27,117,0,0,0,0,0,0
WIMW960101 ,-2,-41,-97,248,329,-37,117,-66,-70,28,36,115,62,120,-132,-52,174,179,-7,114,0,0,0,0,0,0
KIMC930101 ,0.4,1.5,1.6,15,0.7,1.4,1.3,1.1,1.4,0.5,0.3,1.4,0.5,0.3,1.6,0.9,0.7,0.9,0.9,0.4,0,0,0,0,0,0
MONM990101 ,-0.04,-0.3,0.25,0.27,0.57,-0.02,-0.33,1.24,-0.11,-0.26,-0.38,-0.18,-0.09,-0.01,0,0.15,0.39,0.21,0.05,-0.06,0,0,0,0,0,0
BLAM930101 ,-0.12,0.34,1.05,1.12,-0.63,1.67,0.91,0.76,1.34,-0.77,0.15,0.29,-0.71,-0.67,0,1.45,-0.7,-0.14,-0.49,-0.7,0,0,0,0,0,0
PARS000101 ,8.6,4.2,4.6,4.9,2.9,4,5.1,7.8,2.1,4.6,8.8,6.3,2.5,3.7,4.9,7.3,6,1.4,3.6,6.7,0,0,0,0,0,0
PARS000102 ,7.6,5,4.4,5.2,2.2,4.1,6.2,6.9,2.1,5.1,9.4,5.8,2.1,4,5.4,7.2,6.1,1.4,3.2,6.7,0,0,0,0,0,0
KUMS000101 ,8.1,4.6,3.7,3.8,2,3.1,4.6,7,2,6.7,11,4.4,2.8,5.6,4.7,7.3,5.6,1.8,3.3,7.7,0,0,0,0,0,0
KUMS000102 ,7.9,4.9,4,5.5,1.9,4.4,7.1,7.1,2.1,5.2,8.6,6.7,2.4,3.9,5.3,6.6,5.3,1.2,3.1,6.8,0,0,0,0,0,0
KUMS000103 ,8.3,8.7,3.7,4.7,1.6,4.7,6.5,6.3,2.1,3.7,7.4,7.9,2.3,2.7,6.9,8.8,5.1,0.7,2.4,5.3,0,0,0,0,0,0
KUMS000104 ,4.47,8.48,3.89,7.05,0.29,2.87,16.56,8.29,1.74,3.3,5.06,12.98,1.71,2.32,5.41,4.27,3.83,0.67,2.75,4.05,0,0,0,0,0,0
TAKK010101 ,6.77,6.87,5.5,8.57,0.31,5.24,12.93,7.95,2.8,2.72,4.43,10.2,1.87,1.92,4.79,5.41,5.36,0.54,2.26,3.57,0,0,0,0,0,0
FODM020101 ,7.43,4.51,9.12,8.71,0.42,5.42,5.86,9.4,1.49,1.76,2.74,9.67,0.6,1.18,5.6,9.6,8.95,1.18,3.26,3.1,0,0,0,0,0,0
NADH010101 ,5.22,7.3,6.06,7.91,1.01,6,10.66,5.81,2.27,2.36,4.52,12.68,1.85,1.68,5.7,6.99,5.16,0.56,2.16,4.1,0,0,0,0,0,0
NADH010102 ,9.88,3.71,2.35,3.5,1.12,1.66,4.02,6.88,1.88,10.08,13.21,3.39,2.44,5.27,3.8,4.1,4.98,1.11,4.07,12.53,0,0,0,0,0,0
NADH010103 ,10.98,3.26,2.85,3.37,1.47,2.3,3.51,7.48,2.2,9.74,12.79,2.54,3.1,4.97,3.42,4.93,5.55,1.28,3.55,10.69,0,0,0,0,0,0
NADH010104 ,9.95,3.05,4.84,4.46,1.3,2.64,2.58,8.87,1.99,7.73,9.66,2,2.45,5.41,3.2,6.03,5.62,2.6,6.15,9.46,0,0,0,0,0,0
NADH010105 ,8.26,2.8,2.54,2.8,2.67,2.86,2.67,5.62,1.98,8.95,16.46,1.89,2.67,7.32,3.3,6,5,2.01,3.96,10.24,0,0,0,0,0,0
NADH010106 ,7.39,5.91,3.06,5.14,0.74,2.22,9.8,7.53,1.82,6.96,9.45,7.81,2.1,3.91,4.54,4.18,4.45,0.9,3.46,8.62,0,0,0,0,0,0
NADH010107 ,9.07,4.9,4.05,5.73,0.95,3.63,7.77,7.69,2.47,6.56,9,6.01,2.54,3.59,4.04,5.15,5.46,0.95,2.96,7.47,0,0,0,0,0,0
MONM990201 ,8.82,3.71,6.77,6.38,0.9,3.89,4.05,9.11,1.77,5.05,6.54,5.45,1.62,3.51,4.28,7.64,7.12,1.96,4.85,6.6,0,0,0,0,0,0
KOEP990101 ,6.65,5.17,4.4,5.5,1.79,4.52,6.89,5.72,2.13,5.47,10.15,7.59,2.24,4.34,4.56,6.52,5.08,1.24,3.01,7,0,0,0,0,0,0
KOEP990102 ,163,0.22,124,212,316,274,212,0.08,315,474,315,255,356,0.41,NA,0.29,412,325,354,515,0,0,0,0,0,0
CEDJ970101 ,236,233,189,168,259,314,306,-0.17,256,391,293,231,367,328,NA,202,308,197,223,436,0,0,0,0,0,0
CEDJ970102 ,-0.49,-429,-387,-375,-352,-422,-382,-647,-357,-268,-0.45,-409,-375,-309,NA,-426,-0.24,-325,-288,-0.22,0,0,0,0,0,0
CEDJ970103 ,-871,-727,-741,-737,-666,-728,-773,-822,-685,-617,-798,-715,-717,-649,NA,-679,-629,-669,-655,-599,0,0,0,0,0,0
CEDJ970104 ,-393,-317,-268,-247,-222,-291,-0.26,-0.57,-244,-144,-281,-294,-274,-189,NA,-0.28,-152,-206,-155,-0.08,0,0,0,0,0,0
CEDJ970105 ,-378,-369,-245,-113,-206,-0.29,-165,-0.56,-295,-134,-266,-335,-0.26,-187,NA,-251,-93,-188,-147,-84,0,0,0,0,0,0
FUKS010101 ,-729,-535,-597,-545,-408,-492,-532,-0.86,-519,-361,-462,-508,-518,-454,NA,-278,-367,-455,-439,-323,0,0,0,0,0,0
FUKS010102 ,-623,-567,-619,-626,-571,-559,-572,-679,-508,-199,-527,-581,-571,-461,NA,-458,-233,-327,-451,-263,0,0,0,0,0,0
FUKS010103 ,-376,-0.28,-403,-405,-441,-362,-362,-392,-345,-194,-317,-412,-312,-237,NA,-374,-243,-111,-171,-355,0,0,0,0,0,0
FUKS010104 ,NA,0.62,0.76,0.66,0.83,0.59,0.73,NA,0.92,0.88,0.89,0.77,0.77,0.92,0.94,0.58,0.73,0.86,0.93,0.88,0,0,0,0,0,0
FUKS010105 ,0,2.45,0,0,0,1.25,1.27,0,1.45,0,0,3.67,0,0,0,0,0,6.93,5.06,0,0,0,0,0,0,0
FUKS010106 ,89.3,190.3,122.4,114.4,102.5,146.9,138.8,63.8,157.5,163,163.1,165.1,165.8,190.8,121.6,94.2,119.6,226.4,194.6,138.2,0,0,0,0,0,0
FUKS010107 ,90,194,124.7,117.3,103.3,149.4,142.2,64.9,160,163.9,164,167.3,167,191.9,122.9,95.4,121.5,228.2,197,139,0,0,0,0,0,0
FUKS010108 ,0.0373,0.0959,0.0036,0.1263,0.0829,0.0761,0.0058,5,0.0242,0,0,0.0371,0.0823,0.0946,0.0198,0.0829,0.0941,0.0548,0.0516,0.0057,0,0,0,0,0,0
FUKS010109 ,0.85,0.2,-0.48,-1.1,2.1,-0.42,-0.79,0,0.22,3.14,1.99,-1.19,1.42,1.69,-1.14,-0.52,-0.08,1.76,1.37,2.53,0,0,0,0,0,0
FUKS010110 ,0.06,-0.85,0.25,-0.2,0.49,0.31,-0.1,0.21,-2.24,3.48,3.5,-1.62,0.21,4.8,0.71,-0.62,0.65,2.29,1.89,1.59,0,0,0,0,0,0
FUKS010111 ,2.62,1.26,-1.27,-2.84,0.73,-1.69,-0.45,-1.15,-0.74,4.38,6.57,-2.78,-3.12,9.14,-0.12,-1.39,1.81,5.91,1.39,2.3,0,0,0,0,0,0
FUKS010112 ,-1.64,-3.28,0.83,0.7,9.3,-0.04,1.18,-1.85,7.17,3.02,0.83,-2.36,4.26,-1.36,3.12,1.59,2.31,2.61,2.37,0.52,0,0,0,0,0,0
AVBF000101 ,-2.34,1.6,2.81,-0.48,5.03,0.16,1.3,-1.06,-3,7.26,1.09,1.56,0.62,2.57,-0.15,1.93,0.19,3.59,-2.58,2.06,0,0,0,0,0,0
AVBF000102 ,0.78,1.58,1.2,1.35,0.55,1.19,1.45,0.68,0.99,0.47,0.56,1.1,0.66,0.47,0.69,1,1.05,0.7,1,0.51,0,0,0,0,0,0
AVBF000103 ,25,-7,-7,2,32,0,14,-2,-26,91,100,-26,68,100,25,-2,7,109,56,62,0,0,0,0,0,0
AVBF000104 ,1.1,-5.1,-3.5,-3.6,2.5,-3.68,-3.2,-0.64,-3.2,4.5,3.8,-4.11,1.9,2.8,-1.9,-0.5,-0.7,-0.46,-1.3,4.2,0,0,0,0,0,0
AVBF000105 ,0.1366,0.0363,-0.0345,-0.1233,0.2745,0.0325,-0.0484,-0.0464,0.0549,0.4172,0.4251,-0.0101,0.1747,0.4076,0.0019,-0.0433,0.0589,0.2362,0.3167,0.4084,0,0,0,0,0,0
AVBF000106 ,0.0728,0.0394,-39,-0.0552,0.3557,0.0126,-0.0295,-0.0589,0.0874,0.3805,0.3819,-0.0053,0.1613,0.4201,-0.0492,-0.0282,0.0239,0.4114,0.3113,0.2947,0,0,0,0,0,0
AVBF000107 ,151,-0.0103,0.0381,0.0047,0.3222,0.0246,-0.0639,0.0248,0.1335,0.4238,0.3926,-0.0158,216,0.3455,0.0844,4,0.1462,0.2657,0.2998,0.3997,0,0,0,0,0,0
AVBF000108 ,-58,0,27,16,447,-73,-128,331,195,0.06,138,-112,275,0.24,-478,-177,-163,564,322,-52,0,0,0,0,0,0
AVBF000109 ,-0.17,0.37,0.18,0.37,-0.06,0.26,0.15,0.01,-0.02,-0.28,-0.28,0.32,-0.26,-0.41,0.13,0.05,0.02,-0.15,-0.09,-0.17,0,0,0,0,0,0
YANJ020101 ,-0.15,0.32,0.22,0.41,-0.15,0.03,0.3,0.08,0.06,-0.29,-0.36,0.24,-0.19,-0.22,0.15,0.16,-0.08,-0.28,-0.03,-0.24,0,0,0,0,0,0
MITS020101 ,964,1143,944,916,778,1047,1051,835,1014,922,1085,944,1032,1119,1299,947,1017,895,1,955,0,0,0,0,0,0
TSAJ990101 ,974,1129,988,892,972,1092,1054,845,949,928,1.11,946,923,1122,1362,932,1023,879,902,923,0,0,0,0,0,0
TSAJ990102 ,938,1137,902,857,0.6856,916,1139,892,1109,986,1,952,1077,1.11,1266,956,1018,971,1157,959,0,0,0,0,0,0
COSI940101 ,1042,1069,828,0.97,0.5,1111,992,743,1034,852,1193,979,998,981,1332,984,992,0.96,1.12,1001,0,0,0,0,0,0
PONP930101 ,1065,1131,762,836,1015,861,736,1022,973,1189,1192,478,1369,1368,1241,1097,822,1017,836,1.14,0,0,0,0,0,0
WILM950101 ,0.99,1132,873,915,644,999,1053,785,1054,0.95,1106,1003,1093,1121,1314,911,988,939,1.09,957,0,0,0,0,0,0
WILM950102 ,892,1154,1144,925,1035,1.2,1115,917,992,817,994,944,782,1058,1309,986,1.11,841,866,0.9,0,0,0,0,0,0
WILM950103 ,1092,1239,927,919,662,1124,1199,698,1012,912,1276,1008,1171,1.09,0.8,886,832,981,1075,908,0,0,0,0,0,0
WILM950104 ,843,1038,956,906,896,968,0.9,978,1.05,946,885,893,878,1151,1816,1003,1189,852,945,999,0,0,0,0,0,0
KUHL950101 ,2.18,2.71,1.85,1.75,3.89,2.16,1.89,1.17,2.51,4.5,4.71,2.12,3.63,5.88,2.09,1.66,2.18,6.46,5.01,3.77,0,0,0,0,0,0
GUOD860101 ,1.79,3.2,2.83,2.33,2.22,2.37,2.52,0.7,3.06,4.59,4.72,2.5,3.91,4.84,2.45,1.82,2.45,5.64,4.46,3.67,0,0,0,0,0,0
JURD980101 ,13.4,8.5,7.6,8.2,22.6,8.5,7.3,7,11.3,20.3,20.8,6.1,15.7,23.9,9.9,8.2,10.3,24.5,19.5,19.5,0,0,0,0,0,0
BASU050101 ,0.0166,-0.0762,-0.0786,-0.1278,0.5724,-0.1051,-0.1794,-0.0442,0.1643,0.2758,0.2523,-0.2134,0.0197,0.3561,-0.4188,-0.1629,-0.0701,0.3836,0.25,0.1782,0,0,0,0,0,0
BASU050102 ,90.1,192.8,127.5,117.1,113.2,149.4,140.8,63.8,159.3,164.9,164.6,170,167.7,193.5,123.1,94.2,120,197.1,231.7,139.1,0,0,0,0,0,0
BASU050103 ,91.5,196.1,138.3,135.2,114.4,156.4,154.6,67.5,163.2,162.6,163.4,162.5,165.9,198.8,123.4,102,126,209.8,237.2,138.4,0,0,0,0,0,0
SUYM030101 ,1076,1361,1056,1.29,753,729,1118,1346,985,926,1054,1105,974,869,0.82,1342,871,666,531,1131,0,0,0,0,0,0
PUNT030101 ,1.12,-2.55,-0.83,-0.83,0.59,-0.78,-0.92,1.2,-0.93,1.16,1.18,-0.8,0.55,0.67,0.54,-0.05,-0.02,-0.19,-0.23,1.13,0,0,0,0,0,0
PUNT030102 ,1.38,0,0.37,0.52,1.43,0.22,0.71,1.34,0.66,2.32,1.47,0.15,1.78,1.72,0.85,0.86,0.89,0.82,0.47,1.99,0,0,0,0,0,0
GEOR030101 ,-0.27,1.87,0.81,0.81,-1.05,1.1,1.17,-0.16,0.28,-0.77,-1.1,1.7,-0.73,-1.43,-0.75,0.42,0.63,-1.57,-0.56,-0.4,0,0,0,0,0,0
GEOR030102 ,0.05,0.12,0.29,0.41,-0.84,0.46,0.38,0.31,-0.41,-0.69,-0.62,0.57,-0.38,-0.45,0.46,0.12,0.38,-0.98,-0.25,-0.46,0,0,0,0,0,0
GEOR030103 ,0.54,-0.16,0.38,0.65,-1.13,0.05,0.38,NA,-0.59,-2.15,-1.08,0.48,-0.97,-1.51,-0.22,0.65,0.27,-1.61,-1.13,-0.75,0,0,0,0,0,0
GEOR030104 ,-0.31,1.3,0.49,0.58,-0.87,0.7,0.68,-0.33,0.13,-0.66,-0.53,1.79,-0.38,-0.45,0.34,0.1,0.21,-0.27,0.4,-0.62,0,0,0,0,0,0
GEOR030105 ,-0.27,2,0.61,0.5,-0.23,1,0.33,-0.22,0.37,-0.8,-0.44,1.17,-0.31,-0.55,0.36,0.17,0.18,0.05,0.48,-0.65,0,0,0,0,0,0
GEOR030106 ,0.39,NA,-1.91,-0.71,0.25,-1.3,-0.18,0,-0.6,1.82,1.82,0.32,0.96,2.27,NA,-1.24,-1,2.13,1.47,1.3,0,0,0,0,0,0
GEOR030107 ,0.39,-3.95,-1.91,-3.81,0.25,-1.3,-2.91,0,-0.64,1.82,1.82,-2.77,0.96,2.27,NA,-1.24,-1,2.13,1.47,1.3,0,0,0,0,0,0
GEOR030108 ,0.18,-5.4,-1.3,-2.36,0.27,-1.22,-2.1,0.09,-1.48,0.37,0.41,-2.53,0.44,0.5,-0.2,-0.4,-0.34,-0.01,-0.08,0.32,0,0,0,0,0,0
GEOR030109 ,0.42,-1.56,-1.03,-0.51,0.84,-0.96,-0.37,0,-2.28,1.81,1.8,-2.03,1.18,1.74,0.86,-0.64,-0.26,1.46,0.51,1.34,0,0,0,0,0,0
ZHOH040101 ,616,0,236,28,0.68,251,43,501,165,943,943,283,738,1,711,359,0.45,878,0.88,825,0,0,0,0,0,0
ZHOH040102 ,0.2,-0.7,-0.5,-1.4,1.9,-1.1,-1.3,-0.1,0.4,1.4,0.5,-1.6,0.5,1,-1,-0.7,-0.4,1.6,0.5,0.7,0,0,0,0,0,0
ZHOH040103 ,50.76,48.66,45.8,43.17,58.74,46.09,43.48,50.27,49.33,57.3,53.89,42.92,52.75,53.45,45.39,47.24,49.26,53.59,51.79,56.12,0,0,0,0,0,0
BAEK050101 ,-414,-584,-916,-1.31,162,-905,-1218,-684,-0.63,1237,1215,-0.67,1.02,1938,-503,-563,-289,514,1699,899,0,0,0,0,0,0
HARY940101 ,-0.96,0.75,-1.94,-5.68,4.54,-5.3,-3.86,-1.28,-0.62,5.54,6.81,-5.62,4.76,5.06,-4.47,-1.92,-3.99,0.21,3.34,5.39,0,0,0,0,0,0
PONJ960101 ,-0.26,0.08,-0.46,-1.3,0.83,-0.83,-0.73,-0.4,-0.18,1.1,1.52,-1.01,1.09,1.09,-0.62,-0.55,-0.71,-0.13,0.69,1.15,0,0,0,0,0,0
DIGM050101 ,-0.73,-1.03,-5.29,-6.13,0.64,-0.96,-2.9,-2.67,3.03,5.04,4.91,-5.99,3.34,5.2,-4.32,-3,-1.91,0.51,2.87,3.98,0,0,0,0,0,0
WOLR790101 ,-1.35,-3.89,-10.96,-11.88,4.37,-1.34,-4.56,-5.82,6.54,10.93,9.88,-11.92,7.47,11.35,-10.86,-6.21,-4.83,1.8,7.61,8.2,0,0,0,0,0,0
OLSK800101 ,-0.56,-0.26,-2.87,-4.31,1.78,-2.31,-2.35,-1.35,0.81,3.83,4.09,-4.08,3.11,3.67,-3.22,-1.85,-1.97,-0.11,2.17,3.31,0,0,0,0,0,0
KIDA850101 ,1.37,1.33,6.29,8.93,-4.47,3.88,4.04,3.39,-1.65,-7.92,-8.68,7.7,-7.13,-7.96,6.25,4.08,4.02,0.79,-4.73,-6.94,0,0,0,0,0,0
GUYH850102 ,-0.02,0.44,0.63,0.72,-0.96,0.56,0.74,0.38,0,-1.89,-2.29,1.01,-1.36,-2.22,0.47,0.55,0.25,-1.28,-0.88,-1.34,0,0,0,0,0,0
GUYH850103 ,0,0.07,0.1,0.12,-0.16,0.09,0.12,0.06,0,-0.31,-0.37,0.17,-0.22,-0.36,0.08,0.09,0.04,-0.21,-0.14,-0.22,0,0,0,0,0,0
GUYH850104 ,-0.03,0.09,0.13,0.17,-0.36,0.13,0.23,0.09,-0.04,-0.33,-0.38,0.32,-0.3,-0.34,0.2,0.1,0.01,-0.24,-0.23,-0.29,0,0,0,0,0,0
GUYH850105 ,-0.04,0.07,0.13,0.19,-0.38,0.14,0.23,0.09,-0.04,-0.34,-0.37,0.33,-0.3,-0.38,0.19,0.12,0.03,-0.33,-0.29,-0.29,0,0,0,0,0,0
ROSM880104 ,-0.02,0.08,0.1,0.19,-0.32,0.15,0.21,-0.02,-0.02,-0.28,-0.32,0.3,-0.25,-0.33,0.11,0.11,0.05,-0.27,-0.23,-0.23,0,0,0,0,0,0
ROSM880105 ,-1.6,12.3,4.8,9.2,-2,4.1,8.2,-1,3,-3.1,-2.8,8.8,-3.4,-3.7,0.2,-0.6,-1.2,-1.9,0.7,-2.6,0,0,0,0,0,0
JACR890101 ,-0.21,2.11,0.96,1.36,-6.04,1.52,2.3,0,-1.23,-4.81,-4.68,3.88,-3.66,-4.65,0.75,1.74,0.78,-3.32,-1.01,-3.5,0,0,0,0,0,0
